Word,Language
कुत्ते की औलाद,hi
कुत्ते की ज़ात,hi
सूअर की औलाद,hi
सूअर की ज़ात,hi
गधे की औलाद,hi
गधे की ज़ात,hi
बंदर की औलाद,hi
बंदर की ज़ात,hi
भैंस की औलाद,hi
भैंस की ज़ात,hi
उल्लू की औलाद,hi
उल्लू की ज़ात,hi
लोमड़ी की औलाद,hi
लोमड़ी की ज़ात,hi
भेड़ की औलाद,hi
भेड़ की ज़ात,hi
बकरी की औलाद,hi
बकरी की ज़ात,hi
बिल्ली की औलाद,hi
बिल्ली की ज़ात,hi
मेंढक की औलाद,hi
मेंढक की ज़ात,hi
बदीर,hi
बदीरचंद,hi
बकलैंड,hi
बकलंड,hi
भंडवा,hi
भड़वा,hi
चिनाल,hi
छनाल,hi
चूतिया,hi
चुतिया,hi
घसटी,hi
घसति,hi
घसड़,hi
घस्सड़,hi
हरामी,hi
हरामज़ादा,hi
हरामजादा,hi
हिजड़ा,hi
हिजड़ा,hi
टट्टी,hi
चोद,hi
 लंड,hi
 लोडे,hi
 टक्के,hi
छक्का,hi
हिजड़ा,hi
टट्टे,hi
रांड ,hi
रंढवा,hi
जिगोलो,hi
रंडी,hi
लंड,hi
चूत,hi
बंड,hi
गांडू,hi
गांडी,hi
भोसड़ी वाला,hi
भोंसड़ी वाला,hi
भोसरी वाला,hi
बूबले,hi
चुची,hi
चूचे,hi
चूचियां,hi
चूत मार के,hi
लंड मार के,hi
गांड मारी के,hi
चोदू,hi
लौड़ा,hi
लौंडा,hi
लोडा,hi
लंड,hi
मुठ मारना,hi
मुठी,hi
मुठल,hi
बाबले,hi
बुर,hi
चोदना,hi
चुदना,hi
चुद,hi
बूबले,hi
चोदू,hi
भड़वा,hi
भड़वे,hi
भड़वों,hi
भड़वी,hi
भड़वापंती,hi
चोदेला,hi
मारना,hi
मारनी,hi
मारने,hi
गांडफटू,hi
गांडफटी,hi
गांडफटा,hi
गांडफटों,hi
गांडमस्ती,hi
गांड मारना,hi
गांड मारू,hi
गांड मारी,hi
गांड माराना,hi
झाँट,hi
गांड फटू,hi
गांड फटी,hi
गांड फटा,hi
गांड फटों,hi
गांड मस्ती,hi
गांडमरना,hi
गांडमरू,hi
गांडमराना,hi
गांडमारी,hi
रंडीबाज़ार,hi
चोदो,hi
चोदी,hi
चोदने,hi
चोदवा,hi
चुदो,hi
चुदी,hi
चुदने,hi
चुदवा,hi
चोदाई,hi
चुदा,hi
चुदाई,hi
चुदवाना,hi
हरामी,hi
हरामिया,hi
हरामज़ादा,hi
हरामज़ादी,hi
हरामख़ोर,hi
कमीना,hi
कमीनी,hi
भोसड़ी,hi
भोसड़ीके,hi
भंडवा,hi
भंडी,hi
भड़वा,hi
भड़वी,hi
रांड,hi
रांडवा,hi
रांडिबाजार,hi
हिजड़ा,hi
हिजरा,hi
हिजड़े,hi
छक्का,hi
गांडू,hi
गंडू,hi
लवड़ा,hi
लौड़ा,hi
लोडा,hi
लंड,hi
लंडवा,hi
चूत,hi
चूतिया,hi
चूतमार,hi
चूतियापा,hi