Word,Language,IPA,English Translation
prendere per il culo,it,prendereperilkulo,take the piss
a pecorina,it,apekorina,doggy-style
baldracca,it,baldraka,whore
porca madonna,it,porkamadona,holy mother of God
che due palle,it,keduepale,what a pair of balls
intro culo di mammata,it,introkulodimamata,intro mama's ass
sembri un peni,it,sembriunpeni,you look like a penis
che due coglioni,it,keduekoʎoni,what two assholes
pezzo di merda,it,petsodimerda,piece of shit
fica,it,fika,cunt
va’ a fare in culo,it,vaafareinkulo,go fuck yourself
puttanaio,it,putanaio,whorehouse
tua mamma bocchinara,it,tuamamabokinara,your mouthy mom
ma’ va te ne a fanculo,it,mavateneafankulo,ma go fuck yourself
scoregge,it,ʃoredʒe,farts
faccia a culo,it,fatʃaakulo,assface
cazzo si,it,katsosi,fuck yeah
sfigati,it,sfiɡati,losers
ditalino,it,ditalino,fingering
inculare,it,inkulare,bugger
porco cane,it,porkokane,swine
stronzo,it,stronso,asshole
fare una sega,it,fareunaseɡa,jerk off
va fangool,it,vafanɡool,va fangool
zoccole,it,sokole,sluts
avere un culo così grande,it,avereunkulokosiɡrande,having such a big ass
vai a farti fottere,it,vaiafartifotere,go fuck yourself
mignotte,it,miɲote,hookers
mangia merda,it,mandʒamerda,eat shit
ce l’hai piccolo,it,tʃelaipikolo,you have it small
mortacci tua,it,mortatʃitua,goddamn you
mezza sega,it,metsaseɡa,half saw
coglioni,it,koʎoni,assholes
fatti una pugnetta,it,fatiunapuɲeta,take a piss
bafangu chooch,it,bafanɡukook,bafangu chooch
vai a cacare,it,vaiakakare,go shit
stronza,it,stronsa,bitch
coglione,it,koʎone,asshole
posso leccare il tua figa,it,posolekareiltuafiɡa,I can lick your pussy
vai all’inferno,it,vaialinferno,go to hell
stronzi,it,stronsi,assholes
testa di minchia,it,testadiminkia,shithead
bocchino,it,bokino,mouthpiece
manache,it,manake,manache
segarsi,it,seɡarsi,sawing off
culattone,it,kulatone,fat ass
vaffanculo,it,vafankulo,fuck you
andare a puttane,it,andareaputane,whore oneself
culo,it,kulo,ass
sti cazza,it,stikatsa,sti cazza
bacha ma culo,it,bakamakulo,bacha ma ass
cacare,it,kakare,shit
essere un culo,it,esereunkulo,be an ass
minchia,it,minkia,minchia
dio cane!,it,diokane,GOD DOG!
figa,it,fiɡa,pussy
sfigato,it,sfiɡato,loser
un pompino,it,unpompino,a blowjob
leccami il culo,it,lekamiilkulo,lick my ass
cacata,it,kakata,shit
troia,it,troia,slut
figlio di puttana,it,fiʎodiputana,son of a bitch
porca vacca,it,porkavaka,holy cow
pompini,it,pompini,blowjobs
leccaculo,it,lekakulo,ass-licker
figlio di Troia,it,fiʎoditroia,son of Troy
gnocca,it,ɲoka,pussy
latrin!,it,latrin,latrin!
porca miseria,it,porkamiseria,holy crap
che ti morisse  la mamma,it,ketimoriselamama,That your mother would die
minchia!,it,minkia,minchia!
sputtanare,it,sputanare,fuck up
che due palle,it,keduepale,what a pair of balls
zuia,it,suia,zuia
frocio,it,frotʃo,faggot
sborro,it,zboro,holy fucking mother of christ
santo cazzo madre di cristo,it,santokatsomadredikristo,cabbage
cavolo,it,kavolo,whore
mignotta,it,miɲota,swine
porco giuda,it,porkodʒuda,piss off
vai a cagare,it,vaiakaɡare,bullshit
cazzata,it,katsata,shit
merda,it,merda,darn
mannaggia,it,manadʒa,blowjob
pompinara,it,pompinara,sluts
troie,it,troie,assholes
i coglioni,it,ikoʎoni,fennel
finocchio,it,finokio,shit
cagare,it,kaɡare,sburro
sburro,it,zburo,minchiata
minchiata,it,minkiata,shit
smerdare,it,zmerdare,bitchiness
puttanata,it,putanata,mona
mona,it,mona,fava
fava,it,fava,ir gut of tu ma
ir budello di tu ma’,it,irbudelodituma,doggy-style
alla pecorina,it,alapekorina,ricchioni
ricchioni,it,rikioni,pussies
fighe,it,fiɡe,lick my pussy
leccami la figa,it,lekamilafiɡa,dick in the ass
cazzo in culo,it,katsoinkulo,what an ass
che culo,it,kekulo,I'll run your ass
ti corro in culo,it,tikoroinkulo,pump
pompinare,it,pompinare,go fuck yourself
va' a fare in culo,it,vaafareinkulo,holy shit
porca puttana,it,porkaputana,to fanabla!
a fanabla!,it,afanabla,screw you
fottiti,it,fotiti,baloney
baldracche,it,baldrake,minchione
minchione,it,minkione,ce un cibirut
ce un cibirut,it,tʃeuntʃibirut,to hell with it
al diavolo,it,aldiavolo,curut!
curnut!,it,kurnut,cuckold
cornuto,it,kornuto,for Christ's sake
porco iddio,it,porkoidio,mouthpieces
bocchini,it,bokini,That your mother would die
che ti morisse la madre,it,ketimoriselamadre,care to kick someone in the ass
care un calcio nel culo a qualcuno,it,kareunkaltʃonelkuloakualkuno,ditalini
ditalini,it,ditalini,swine god
porco dio,it,porkodio,fart
scoreggia,it,ʃoredʒa,mone
mone,it,mone,darn
accidenti,it,atʃidenti,kick someone's ass
rompere il culo a qualcuno,it,rompereilkuloakualkuno,Spanish
spagnola,it,spaɲola,Get the fuck out of here.
vattela a pijà 'n der culo,it,vatelaapijanderkulo,fennel
finocchi,it,finoki,have a face like an ass
avere la faccia come il culo,it,averelafatʃakomeilkulo,sfacim and shits
sfacim e merde,it,sfatʃimemerde,pig
maiala,it,maiala,holy crap
porca miseria,it,porkamiseria,shitter
cagacazzo,it,kaɡakatso,wanker
segaiolo,it,seɡaiolo,cuckolds
cornuti,it,kornuti,pumping
pompinaro,it,pompinaro,slut
zoccola,it,sokola,broken in the ass
rotto nel culo,it,rotonelkulo,minchie
minchie,it,minkie,asses
culi,it,kuli,get pissed off
incazzarsi,it,inkatsarsi,fuck
fottere,it,fotere,fongoul
fongoul,it,fonɡoul,jinx
sfiga,it,sfiɡa,dicking around
cazzeggiare,it,katsedʒare,kangaroo god
dio cangurello,it,diokanɡurelo,go sell your ass
vai a vendere il culo,it,vaiavendereilkulo,what the fuck
che cazzo,it,kekatso,eat shit and death
mangia merde e morte,it,mandʒamerdeemorte,mimbominkia
mimbominkia,it,mimbominkia,Geez!
accidenti!,it,atʃidenti,fuck
scopare,it,ʃopare,"go fuck yourself, bitch!"
"vai a farti fottere, puttana!",it,vaiafartifotereputana,I will kill you
ti ammazzo,it,tiamatso,crap
cagata,it,kaɡata,fag
ricchione,it,rikione,bastard
bastardo,it,bastardo,saws
seghe,it,seɡe,whore
puttana,it,putana,go give your ass away
vai a dar via il culo,it,vaiadarviailkulo,fucking Mother of God
cazzo Madre di dio,it,katsomadredidio,blowjob
pompino,it,pompino,cum
sborra,it,zbora,you piece of shit!
tu piezza di merda!,it,tupietsadimerda,son a dog
figlio un cane,it,fiʎounkane,big wretch
gran’ disgraziato,it,ɡrandisɡrasiato,going to whores:
andare a puttane:,it,andareaputane,whoremonger
puttaniere,it,putaniere,mafankulo
mafankulo,it,mafankulo,holy shit
porca troia,it,porkatroia,dicks
cazzi,it,katsi,holy crap
porca eva,it,porkaeva,that they can kill you!
che te pozzino ammazza!,it,ketepotsinoamatsa,sbora
sbora,it,zbora,shithead
testa di cazzo,it,testadikatso,jerk
cretino,it,kretino,that sucks
che palle,it,kepale,bastards
bastardi,it,bastardi,rottinculo
rottinculo,it,rotinkulo,GOD.
dio santo!,it,diosanto,tallow
segone,it,seɡone,saw
sega,it,seɡa,cum
sborrare,it,zborare,fuck
cazzo,it,katso,chicks
gnocche,it,ɲoke,dang you
mannaggia tua,it,manadʒatua,no one unfungulo me
nessuno mi unfungulo,it,nesunomiunfunɡulo,fucking shit
cazzo di merda,it,katsodimerda,Dickhead
Testa di minchia,it,testadiminkia,chip
fiche,it,fike,you ma pees standing up
tu ma’ piscia in piedi,it,tumapistʃainpiedi,ugly son of a bitch bastard
brutto figlio di puttana bastardo,it,brutofiʎodiputanabastardo,faggots
froci,it,frotʃi,whores
آب کیر,fa,ɒbkjr,water.
آشغال,fa,ɒʃɣɒl,rubbish.
آلت تناسلی,fa,ɒlttnɒslj,penis.
آلت,fa,ɒlt,The penis.
ابله,fa,ɒblh,Stupid idiot.
ابن یزید,fa,ɒbnjzjd,The son of Aaron.
احمق,fa,ɒhmɣ,Stupid fool.
اسب,fa,ɒsb,Horse horse.
اسبی,fa,ɒsbj,Horse.
اسکل,fa,ɒskl,Sacks.
اسکل,fa,ɒskl,Sacks.
اسگل,fa,ɒsɡl,Siggles.
اسگول,fa,ɒsɡvl,Gog.
الاغ,fa,ɒlɒɣ,The donkey.
الاق,fa,ɒlɒɣ,of the right.
انگل,fa,ɒŋl,parasite.
انی,fa,ɒnj,O you.
انی,fa,ɒnj,O you.
اوسکل,fa,ɒvskl,The Sword.
اوسکل,fa,ɒvskl,The Sword.
اوسگل,fa,ɒvsɡl,O'Sel.
اوصکل,fa,ɒvskl,The whole thing.
اوصگل,fa,ɒvsɡl,Or by the name.
ب ک,fa,bk,b.
باسن,fa,bɒsn,hips.
بخورش,fa,bxvrʃ,Eat it.
بدبخت,fa,bdbxt,miserable.
بمال,fa,bmɒl,by the
تخمم,fa,txmm,My egg.
کیرم,fa,kjrm,I'm old.
بپرروش,fa,brrvʃ,So they jump.
بپرسرش,fa,brsrʃ,Ask them.
کونی,fa,kvnj,Consie.
بکارت,fa,bkɒrt,Use of you.
بکن توش,fa,bkntvʃ,Do it in there.
بکنش,fa,bknʃ,Do it.
بکنمت,fa,bknmt,I will do it.
خایه,fa,xɒjh,And complain.
بی عفت,fa,bjʔft,And it's amazing.
بی غیرت,fa,bjɣjrt,"No, no."
بی ناموس,fa,bjnɒmvs,The nameless.
بی پدر,fa,bjdr,Fatherless Father.
بیابخورش,fa,bjɒbxvrʃ,And it is unsounded.
بیشعور,fa,bjʃʔvr,Too much.
بیناموس,fa,bjnɒmvs,Between the words.
تخم سگ,fa,txmsɡ,Dog eggs.
تخمی,fa,txmj,Eggs.
ترک,fa,trk,leave.
توله سگ,fa,tvlhsɡ,puppy.
جاکش,fa,dʒɒkʃ,They are hiding.
جلق زدن,fa,dʒlɣzdn,They complain.
جنده,fa,dʒndh,A bitch.
جنسی,fa,dʒnsj,Sexual sex.
جوون,fa,dʒvvn,Young young.
جکس,fa,dʒks,Jack.
جیندا,fa,dʒjndɒ,Janeda.
حرومزاده,fa,hrvmzɒdh,bastard.
حشر,fa,hʃr,They made it.
حشری شدن,fa,hʃrjʃdn,They made it.
حشری,fa,hʃrj,And they voted.
حیوانی,fa,hjvɒnj,Animal animal
خارکس ده,fa,xɒrksdh,The Tens.
خارکسده,fa,xɒrksdh,And the shit.
خارکسّه,fa,xɒrksh,The shit.
خانم جنده,fa,xɒnmdʒndh,Mrs. bitch.
خایه خور,fa,xɒjhxvr,and complain.
خایه مال,fa,xɒjhmɒl,They complain.
خایه,fa,xɒjh,And complain.
خر,fa,xr,Stupid shit.
خرفت,fa,xrft,Buy it.
خری,fa,xrj,The donkey.
خز,fa,xz,fur.
خفه خون,fa,xfhxvn,Shutting blood.
خفه شو,fa,xfhʃv,Shut up.
خواهرجنده,fa,xvɒhrdʒndh,Sister.
خی کاس,fa,xjkɒs,The Cass.
داف ناز,fa,dɒfnɒz,Duffice.
داف,fa,dɒf,Duff.
داگ استایل,fa,dɒɡɒstɒjl,Dog style.
دخترجنده,fa,dxtrdʒndh,The girl.
دخترقرتی,fa,dxtrɣrtj,The girl.
درازگوش,fa,drɒzɡvʃ,The long tail.
دله,fa,dlh,The heart.
دهن سرویس,fa,dhnsrvjs,Mouth service.
گاییده,fa,ɡɒjjdh,Gay.
دهنت سرویس,fa,dhntsrvjs,Mouth service.
دوجنسه,fa,dvdʒnsh,Two sexes.
دول,fa,dvl,The two.
دیوث,fa,djvs,Ditmouth.
دیوس خان,fa,djvsxɒn,Dius Khan
دیوس,fa,djvs,Dius
دیوص,fa,djvs,Dave.
رشتی,fa,rʃtj,رشت
ریدن,fa,rjdn,Reed.
ریدی,fa,rjdj,Reed.
زارت,fa,zɒrt,You are hungry.
زباله,fa,zbɒlh,waste.
زرنزن,fa,zrnzn,The Magician.
زن جنده,fa,zndʒndh,A bitch.
زن کاسده,fa,znkɒsdh,Mrs. Cass.
زنا زاده,fa,znɒzɒdh,Marriages.
زنا,fa,znɒ,adultery.
زنازاده,fa,znɒzɒdh,Marriage of the bastard.
زنتو,fa,zntv,The woman.
زنشو,fa,znʃv,The woman.
زنیکه,fa,znjkh,The woman.
سادیسمی,fa,sɒdjsmj,sadism.
ساک,fa,sɒk,The bag.
ساکونی,fa,sɒkvnj,Sakoni.
سرخور,fa,srxvr,So tired.
سرکیر,fa,srkjr,Sir.
سسکی,fa,sskj,Saskisky.
سوراخ کون,fa,svrɒxkvn,as a hole.
سوراخ کون,fa,svrɒxkvn,as a hole.
سولاخ,fa,svlɒx,Socher.
سکس چت,fa,skstʃt,Sex chat.
سکس,fa,sks,Sex sex.
سکسی باش,fa,sksjbɒʃ,Be sexy.
سکسی,fa,sksj,Sexy.
سکسیم,fa,sksjm,Sex.
سکسیی,fa,sksjj,Sexy.
سگ تو روحت,fa,sɡtvrvht,Your dog is your soul.
سگ دهن,fa,sɡdhn,Dog.
سگ صفت,fa,sɡsft,Dog's word.
سگ پدر,fa,sɡdr,Father's Dog.
سگی,fa,sɡj,Dog.
سیکتیر,fa,sjktjr,Cookies.
شاسگول,fa,ʃɒsɡvl,Shayle.
شاش,fa,ʃɒʃ,She's Shaw.
شق کردن,fa,ʃɣkrdn,Disarray.
شل مغز,fa,ʃlmɣz,Shell brain.
شنگول,fa,ʃŋvl,sandy.
شهوتی,fa,ʃhvtj,Lovely lust.
صیغه ای,fa,sjɣhɒj,And you have an excuse.
صیک,fa,sjk,A p.
عرب,fa,ʔrb,Arab Arabs
عرق خور,fa,ʔrɣxvr,sweaty.
عمتو,fa,ʔmtv,My uncle.
عمه ننه,fa,ʔmhnnh,No aunt.
عن تر,fa,ʔntr,more i.e.
عن,fa,ʔn,i.e.
عنتر,fa,ʔntr,More than the
عوضی,fa,ʔvzj,The bastard.
غرمساق,fa,ɣrmsɒɣ,Fuck the shit.
غرمصاق,fa,ɣrmsɒɣ,They complain.
فاحشه خانم,fa,fɒhʃhxɒnm,Mrs. prostitute.
فاحشه,fa,fɒhʃh,prostitute.
فارس,fa,fɒrs,Persian Gulf.
فاک فیس,fa,fɒkfjs,Facebook's word.
فیلم سوپر,fa,fjlmsvr,Super film.
قرتی,fa,ɣrtj,قر
قرمساق,fa,ɣrmsɒɣ,قر
قرمصاق,fa,ɣrmsɒɣ,قر
قس,fa,ɣs,ق
لا پا,fa,lɒɒ,La feet.
لاس,fa,lɒs,Las Vegas
لاش گوشت,fa,lɒʃɡvʃt,The meat.
لاشی,fa,lɒʃj,Lashi.
لاکونی,fa,lɒkvnj,The Lockheed
لجن,fa,ldʒn,And the seed.
لخت,fa,lxt,naked naked naked.
لختی,fa,lxtj,naked.
لر,fa,lr,Jack.
لز,fa,lz,Les.
مادر جنده,fa,mɒdrdʒndh,The bastard mother.
مادرجنده,fa,mɒdrdʒndh,The mother.
مادرسگ,fa,mɒdrsɡ,Mother Dog.
مادرقهوه,fa,mɒdrɣhvh,Coffee mother.
مادرکونی,fa,mɒdrkvnj,Mother of Kui.
مالوندن,fa,mɒlvndn,Malmond.
ماچ کردنی,fa,mɒtʃkrdnj,Make me laugh.
مرتیکه,fa,mrtjkh,And the
مردیکه,fa,mrdjkh,A man who
مرض داری,fa,mrzdɒrj,You have a disease.
مرضداری,fa,mrzdɒrj,Sickness.
مشروب,fa,mʃrvb,Drink alcohol.
ملنگ,fa,mlŋ,Melang.
ممه خور,fa,mmhxvr,I'm sorry.
ممه,fa,mmh,I am sorry.
منگل,fa,mŋl,Menge.
میخوریش,fa,mjxvrjʃ,You eat it.
نرکده,fa,nrkdh,Not a horse.
نعشه,fa,nʔʃh,They did not.
نکبت,fa,nkbt,Bad shit.
نگاییدم,fa,ŋɒjjdm,Look at me.
هیز,fa,hjz,Hey hey hey.
ولدزنا,fa,vldznɒ,Volsina.
پدر سوخته,fa,drsvxth,Father burned.
پدر سگ,fa,drsɡ,Father of Dog.
پدر صلواتی,fa,drslvɒtj,Father of prayer.
پدرسگ,fa,drsɡ,Father Dog.
پریود,fa,rjvd,A period of time.
پستان,fa,stɒn,breast breast breast breast.
پسون,fa,svn,And then he was.
پشمام,fa,ʃmɒm,I am tired.
پفیوز,fa,fjvz,Suffice.
پلشت,fa,lʃt,Paul.
پورن,fa,vrn,porn porn.
پپه,fa,h,Pepe.
چاغال,fa,tʃɒɣɒl,The fuck.
چاقال,fa,tʃɒɣɒl,Fatal fat.
چس خور,fa,tʃsxvr,The bite.
چس,fa,tʃs,Chas.
کاسکش,fa,kɒskʃ,Cass.
کث لیس,fa,ksljs,The lick.
کث,fa,ks,The KTH.
کثافت,fa,ksɒft,Stupid shit.
کثافط,fa,ksɒft,Contribute.
کردن,fa,krdn,Making it.
کردنی,fa,krdnj,Kennedy.
کرم,fa,krm,The worm.
کس خل,fa,ksxl,Who is wrong.
کس خور,fa,ksxvr,Who's eating.
کس خیس,fa,ksxjs,Someone wet.
کس دادن,fa,ksdɒdn,Giving someone.
کس لیس,fa,ksljs,Who is Lisa.
کس لیسیدن,fa,ksljsjdn,Someone is licking.
کس ننت,fa,ksnnt,Nobody.
کس و کیر,fa,ksvkjr,Who and Kir
کس کردن,fa,kskrdn,Kill someone.
کس کش,fa,kskʃ,Who's holding.
کس,fa,ks,Someone.
کسخل,fa,ksxl,And who is wrong.
کسشعر,fa,ksʃʔr,Who's Poetry.
کسکش,fa,kskʃ,And the one who knows.
کسکیر,fa,kskjr,Who is Freder.
کص خل,fa,ksxl,The shit.
کص لیس,fa,ksljs,lick.
کص,fa,ks,C.
کصافت,fa,ksɒft,You are right.
کصافط,fa,ksɒft,And the right thing.
کصخل,fa,ksxl,The Magician.
کصکش,fa,kskʃ,They are the receiver.
کلفت,fa,klft,thick.
کله کیری,fa,klhkjrj,The head of Kiri.
کوث لیس,fa,kvsljs,Colosse.
کوس خل,fa,kvsxl,The shit.
کوس خور,fa,kvsxvr,I'm sorry.
کوس لیس,fa,kvsljs,The slick.
کوس,fa,kvs,ko.
کوص خل,fa,kvsxl,The shit.
کوص لیس,fa,kvsljs,The lick.
کوص,fa,kvs,Coke.
کون تپل,fa,kvntl,As T.
کون ده,fa,kvndh,Number ten.
کون سوراخ,fa,kvnsvrɒx,The hole.
کون پنیر,fa,kvnnjr,The cheese.
کون گنده,fa,kvnɡndh,Big as.
کون,fa,kvn,Conta.
کونده خار,fa,kvndhxɒr,And the shit.
کونده خوار,fa,kvndhxvɒr,They are hungry.
کونده,fa,kvndh,Fuck the cat.
کونشو,fa,kvnʃv,Asshu.
کونی,fa,kvnj,Consie.
کونی,fa,kvnj,Consie.
کیر,fa,kjr,Kir.
کیردراز,fa,kjrdrɒz,Cinders.
کیردوس,fa,kjrdvs,Kird.
کیرر,fa,kjrr,Kerr.
کیرمکیدن,fa,kjrmkjdn,Cookie.
کیرناز,fa,kjrnɒz,Keren.
کیروکس,fa,kjrvks,Kirox
کیروکس,fa,kjrvks,Kirox
کیری,fa,kjrj,Cir.
گاو,fa,ɡɒv,Cow cows.
گاوی,fa,ɡɒvj,Cow.
گاگول,fa,ɡɒɡvl,Gogol.
گایدن,fa,ɡɒjdn,Gasting.
گایدی,fa,ɡɒjdj,Guyy.
گاییدن,fa,ɡɒjjdn,Gaye.
گردن دراز,fa,ɡrdndrɒz,The long neck.
گشاد,fa,ɡʃɒd,and wide.
گوز,fa,ɡvz,Goes.
گوزو,fa,ɡvzv,Gozo.
گوسفند,fa,ɡvsfnd,sheep.
گوش دراز,fa,ɡvʃdrɒz,Long ears.
گوه,fa,ɡvh,Go.
گوه,fa,ɡvh,Go.
گی زن,fa,ɡjzn,Gay woman.
گیخوار,fa,ɡjxvɒr,Gayty.
یبن زنا,fa,jbnznɒ,Marriage of adultery.
مادرتو,fa,mɒdrtv,Mother.
ناموستو,fa,nɒmvstv,Names.
چنده,fa,tʃndh,A few.
باسنی,fa,bɒsnj,The hip.
سیکیم,fa,sjkjm,Skem.
سگ ناموس,fa,sɡnɒmvs,Dog named
نوب,fa,nvb,"No, no."
خایمال,fa,xɒjmɒl,خای
مادر به خطا,fa,mɒdrbhxtɒ,Mother to error.
کصلیس,fa,ksljs,The Cross.
بکنت,fa,bknt,Do you do it.
کصده,fa,ksdh,Kundice.
گورومساخ,fa,ɡvrvmsɒx,Goremunda.
پوفیوز,fa,vfjvz,Puffice.
پدرتو,fa,drtv,Father.
قورومساق,fa,ɣvrvmsɒɣ,The chorus.
سیهدیر,fa,sjhdjr,The CALLER.
اوبی,fa,ɒvbj,Oh Abby.
مادر سگ,fa,mɒdrsɡ,Mother of Dog.
نگایدم,fa,ŋɒjdm,Look at me.
блядина,ru,bladina,whore
закрой рот,ru,zakrojrot,shut your mouth
чушка,ru,tɕuʂka,stuffed animal
куни,ru,kuni,cunny
жидоёбское,ru,ʒidoobskoe,Jew
тварь,ru,tvar,creature
мымра,ru,mɨmra,mummy
пасть забей,ru,pastzabej,shut your mouth.
еврей,ru,jevrej,Jew
падла ебаная,ru,padlaebanaa,fucking asshole
выблядок,ru,vɨbladok,scumbag
алкоголик,ru,alkoɡolik,alcoholic
гандон штопаный,ru,ɡandonʂtopanɨj,douche bag
зануда,ru,zanuda,nerd
пендосия,ru,pendosia,pandosia
сука,ru,suka,bitch
пидор,ru,pidor,faggot
страхоёбище,ru,straxoobiɕe,motherfucker
срака,ru,sraka,asshole
бомж,ru,bomʒ,bum
радужный мальчик,ru,raduʒnɨjmaltɕik,rainbow boy
стоячек,ru,stoatɕek,riser
взбляд,ru,vzblad,prying
а хули,ru,axuli,what the fuck
святоша,ru,svatoʂa,saint
ёбаный стос,ru,jobanɨjstos,fucking stos
алень,ru,alen,stag
пиздоблошка,ru,pizdobloʂka,cunt
хуедин,ru,xuedin,Huedin
нихуя,ru,nixua,fuck
голуби,ru,ɡolubi,pigeons
пришью,ru,priʂu,sew
гнойный,ru,ɡnojnɨj,purulent
блядский,ru,bladskij,fucking
наебнуться,ru,naebnutsa,fuck up
мухосоранск,ru,muxosoransk,mukhosoransk
елдак,ru,jeldak,dick
наеб,ru,naeb,fuck
хуеман,ru,xueman,hueman
хуйня,ru,xujna,bullshit
доебались,ru,doebalis,fucked up
выебон,ru,vɨebon,fuck
хуле,ru,xule,hoole
змея,ru,zmea,snake
волосня,ru,volosna,hair
чучмен,ru,tɕutɕmen,choochman
на хуя,ru,naxua,for fuck's sake
обламаться,ru,oblamatsa,screw up
мерхавеч,ru,merxavetɕ,merhavec
барыга,ru,barɨɡa,bargainer
дерьмоед,ru,dermoed,turd
ебанулось,ru,jebanulos,fucked up
дупло,ru,duplo,hollow
присунуть,ru,prisunut,poke
ахуел,ru,axuel,fuck
блядское,ru,bladskoe,fucking
настреляли по пиздюлятору,ru,nastrelalipopizdulatoru,shot the pussy.
ебанько,ru,jebanko,fucker
манья,ru,mana,mania
спиздить,ru,spizdit,snatch
ебанула,ru,jebanula,fucked
выблядовал,ru,vɨbladoval,ogled
скотоёб,ru,skotoob,cattle eater
обосцать,ru,obostsat,shit
однохуйственно,ru,odnoxujstvenno,fucked
менты,ru,mentɨ,mentors
наебнулась,ru,naebnulas,fucked up
ёбнул,ru,jobnul,fucked
стоячок,ru,stoatɕok,riser
блядская,ru,bladskaa,fucking
распиздошила,ru,raspizdoʂila,fucked up
блядство,ru,bladstvo,fucking
шоха,ru,ʂoxa,shoja
жидоёбский,ru,ʒidoobskij,Jew
прихуел,ru,prixuel,fucked up
деревня,ru,derevna,village
дурак,ru,durak,fool
сволочь,ru,svolotɕ,bastard
писька,ru,piska,pussy
молокосос,ru,molokosos,sucker
злоебучий,ru,zloebutɕij,wicked
опездол,ru,opezdol,opezdol
радужный,ru,raduʒnɨj,rainbow
дрянь,ru,dran,crap
пошел нахуй,ru,poʂelnaxuj,Fuck you.
еблище,ru,jebliɕe,fuck
лось,ru,los,moose
сексист,ru,seksist,sexist
ебальный станок,ru,jebalnɨjstanok,fucking machine
свинтус,ru,svintus,pig
рак мозга,ru,rakmozɡa,brain cancer
жидоёбка,ru,ʒidoobka,Jew fucker
дать пизды,ru,datpizdɨ,pussyfoot
многопиздная,ru,mnoɡopizdnaa,multifucked
трахнуть,ru,traxnut,fuck
пиздовладелец,ru,pizdovladelets,cunt owner
ебля,ru,jebla,fucking
иди к черту,ru,idiktɕertu,go to hell.
нахуй,ru,naxuj,fuck
распиздяй,ru,raspizdaj,asshole
малолетка,ru,maloletka,juvenile
голубятня,ru,ɡolubatna,dovecote
змея подколодная,ru,zmeapodkolodnaa,pit snake
очко,ru,otɕko,point
передернуть,ru,peredernut,twitch
блядемудиный пиздопроёб,ru,blademudinɨjpizdoproob,fucking cunt fucker.
присунул,ru,prisunul,poked
казел,ru,kazel,asshole
импотент,ru,impotent,impotent
навешать пиздюлей,ru,naveʂatpizdulej,pussyfoot around
мне до лампочки,ru,mnedolampotɕki,I don't care.
хули,ru,xuli,fuck
остоебать,ru,ostoebat,fuck off
сукин сын,ru,sukinsɨn,son of a bitch
пососи мои яйца,ru,pososimoiajtsa,Suck my balls.
писюн,ru,pisun,dick
хуй на тебя,ru,xujnateba,fuck you.
хохол,ru,xoxol,khohol
без пизды,ru,bezpizdɨ,without the pussy.
мудозвод,ru,mudozvod,husbandry
как ёб твою мать,ru,kakobtvoumat,like a motherfucker.
член,ru,tɕlen,dick
под юбкой,ru,podubkoj,under the skirt
хуйло,ru,xujlo,dickhead
жополиз,ru,ʒopoliz,asshole
подонок,ru,podonok,scumbag
наёб,ru,naob,fuck
говно,ru,ɡovno,shit
путана,ru,putana,slut
заебала,ru,zaebala,fucked up
допизды,ru,dopizdɨ,fuck it
елда,ru,jelda,faggot
дерево,ru,derevo,wood
проститутка,ru,prostitutka,prostitute
еб тебя,ru,jebteba,fuck you
отъебись,ru,otjebis,fuck off
гнида,ru,ɡnida,rot
хитровыебанный,ru,xitrovɨebannɨj,dodgy
козел,ru,kozel,goat
залупа,ru,zalupa,asshole
еб,ru,jeb,eb
облом,ru,oblom,bummer
не пудри мозги,ru,nepudrimozɡi,don't mess with me.
вьебал,ru,vebal,fucked
"вдруг, откуда ни возьмись, появился в рот ебись",ru,vdruɡotkudanivozmispoavilsavrotebis,"all of a sudden, out of nowhere, there's a fuck you"
изъебнулся,ru,izjebnulsa,fucked up
ебни,ru,jebni,ebony
жопа,ru,ʒopa,asshole
руки из жопы,ru,rukiizʒopɨ,hands out of ass
выебнуться,ru,vɨebnutsa,fuck off
мудила,ru,mudila,asshole
пиздобратия,ru,pizdobratia,cuntocracy
гобиться,ru,ɡobitsa,hobble
педик,ru,pedik,faggot
дура,ru,dura,fool
бадяжить,ru,badaʒit,potion
деревеньщина,ru,derevenɕina,hillbilly
наблядовал,ru,nabladoval,gawked
голубой,ru,ɡoluboj,blue
распиздяйка,ru,raspizdajka,cunt
капрофил,ru,kaprofil,caprofil
доебалась,ru,doebalas,fucked up
ёбкость,ru,jobkost,yobbishness
страть тебе в рот,ru,strattebevrot,Fuck you in the mouth.
опиздоумел,ru,opizdoumel,asshole
хитровыебанная,ru,xitrovɨebannaa,dodgy
говнюк,ru,ɡovnuk,asshole
засранец,ru,zasranets,asshole
дерьмо,ru,dermo,crap
осёд,ru,osod,sedge
заёб,ru,zaob,fuck
целкa,ru,tselka,virgin
еблан,ru,jeblan,fucker
ебанёшься,ru,jebanoʂsa,fuck off
ебанулся,ru,jebanulsa,fucked up
гей,ru,ɡej,gay
дерьмохеропиздократ,ru,dermoxeropizdokrat,shithead cocksucker
шлюха,ru,ʂluxa,whore
кнь педальный,ru,knpedalnɨj,pedal knee
пиздец,ru,pizdets,fuck
удавись,ru,udavis,blow yourself
развалюха,ru,razvaluxa,wreck
шут,ru,ʂut,buffoon
нахуярить,ru,naxuarit,fuck up
ебашит,ru,jebaʂit,fucks
прыщавый,ru,prɨɕavɨj,pimply
крыша поехала,ru,krɨʂapoexala,crazy
у меня стоит,ru,umenastoit,I have
выёбывается,ru,vɨobɨvaetsa,fucking around
яйца,ru,jajtsa,eggs
слоняра,ru,slonara,elephant
обламатся,ru,oblamatsa,screw up
хер,ru,xer,dick
какого черта,ru,kakoɡotɕerta,what the hell
феменистка,ru,femenistka,feminist
заебал,ru,zaebal,fucked up
ебланка,ru,jeblanka,fucker
крыса,ru,krɨsa,rat
да пошел тыпошел ты,ru,dapoʂeltɨpoʂeltɨ,Fuck you. Fuck you.
фалос,ru,falos,phalos
фапать,ru,fapat,fap
черт возми,ru,tɕertvozmi,damn it
гнусный,ru,ɡnusnɨj,vile
машонка,ru,maʂonka,mashonka
пидоростия,ru,pidorostia,faggotry
трахаться,ru,traxatsa,fuck
пофапать,ru,pofapat,fan out
ебальник разинул,ru,jebalnikrazinul,fucked up
пиздрик,ru,pizdrik,cunt
дуплоящер,ru,duploaɕer,duplicator
вжопу,ru,vʒopu,asshole
я тебя в рот ебал,ru,jatebavrotebal,I fucked you in the mouth.
сцать,ru,stsat,piss
подъёбки,ru,podjobki,jokes
ебаная сука,ru,jebanaasuka,fucking bitch
объебала,ru,objebala,pissed off
яйчелы,ru,jajtɕelɨ,ovules
наебали,ru,naebali,fucked up
хуй тебе в жопу,ru,xujtebevʒopu,dick up your ass.
ты дегенерат,ru,tɨdeɡenerat,you degenerate.
объебал,ru,objebal,fucked up
заебёшь мёртвого,ru,zaeboʂmortvoɡo,fuck a dead man.
косяк,ru,kosak,joint
хуелес,ru,xueles,hueless
баба,ru,baba,baba
кощей,ru,koɕej,catfish
осел,ru,osel,donkey
наебнулся,ru,naebnulsa,fucked up
пососи ми яйчелы,ru,pososimiajtɕelɨ,Suck my balls.
болван,ru,bolvan,moron
черножепый,ru,tɕernoʒepɨj,nigger
еб твою мать,ru,jebtvoumat,Fucking hell.
овца,ru,ovtsa,sheep
нахуяриться,ru,naxuaritsa,fuck up
остоебал,ru,ostoebal,fucked up
пиздецкое,ru,pizdetskoe,fucked
ёбаная сука,ru,jobanaasuka,fucking bitch
отсоси потом проси,ru,otsosipotomprosi,"Blow me, then ask me."
как мухи на говно,ru,kakmuxinaɡovno,like flies on shit
коза,ru,koza,goat
одень,ru,oden,put on
феменизм,ru,femenizm,feminism
алкаш,ru,alkaʂ,alkie
пизда,ru,pizda,cunt
пондостания,ru,pondostania,ponditions
уебался,ru,uebalsa,fucked up
хесосо,ru,xesoso,jesoso
маза факер,ru,mazafaker,maza faker
пасть,ru,past,mouth
опущеный,ru,opuɕenɨj,omitted
деревянный,ru,derevannɨj,wooden
ебанул,ru,jebanul,fucked
ахуй,ru,axuj,fuck
блядь,ru,blad,fuck
чурка,ru,tɕurka,chump
пиздодушие,ru,pizdoduʂie,cuntishness
объебали,ru,objebali,fucked up
пердун старый,ru,perdunstarɨj,old fart
пьянь,ru,pan,drunk
пиздецкий,ru,pizdetskij,fucked
пиздопляска,ru,pizdoplaska,cunt dance
глупизди,ru,ɡlupizdi,stupid
оберблядь,ru,oberblad,cunt
соси писос,ru,sosipisos,Suck a pussy.
ёб,ru,job,yob
спиздила,ru,spizdila,snatched
оскотоёбился,ru,oskotoobilsa,fucked up
хуевина,ru,xuevina,cocksucker
блядистость,ru,bladistost,whoredom
пендос,ru,pendos,pendo
пиздабол,ru,pizdabol,cunt
козлоёбина,ru,kozloobina,goat fucker
изъебнуться,ru,izjebnutsa,fuck up
лох,ru,lox,sucker
трах,ru,trax,fuck
убью,ru,ubu,kill
мамку,ru,mamku,mom
соси хуй,ru,sosixuj,suck a dick
ленивая жопа,ru,lenivaaʒopa,lazy ass
подпиздывает,ru,podpizdɨvaet,pussyfooting
кресты,ru,krestɨ,crosses
некрофил,ru,nekrofil,necrophiliac
пендостан,ru,pendostan,Pendostan
мудачье,ru,mudatɕe,asshole
мудак,ru,mudak,asshole
скотоёбина,ru,skotoobina,bastard
нигретов,ru,niɡretov,nigretovs
нет яиц,ru,netaits,no eggs
жидоёбские,ru,ʒidoobskie,Jew fuckers
забить хуй,ru,zabitxuj,fuck off
насрать,ru,nasrat,give a shit
свинья,ru,svina,pig
стояк,ru,stoak,riser
убъю,ru,ubju,kill
дувушка по вызову,ru,duvuʂkapovɨzovu,call girl
ботаник,ru,botanik,botanist
разъебали,ru,razjebali,fucked up
спиздил,ru,spizdil,snatched
козлоёб,ru,kozloob,asshole
бурда,ru,burda,bourda
наркоту,ru,narkotu,dope
хуй на нее,ru,xujnanee,fuck her
член тебе в рот,ru,tɕlentebevrot,dick in your mouth
рак,ru,rak,cancer
бля,ru,bla,fuck
сосать,ru,sosat,suck
завали ебало,ru,zavaliebalo,shut the fuck up
писос,ru,pisos,scribe
промежность,ru,promeʒnost,perineum
соска,ru,soska,pacifier
хуй тебе,ru,xujtebe,fuck you
пиздоёбищность,ru,pizdoobiɕnost,cuntishness
обосцыш,ru,obostsɨʂ,shit
ебало,ru,jebalo,fuckface
дрянной,ru,drannoj,trashy
да хуй его не возьмёт,ru,daxujeɡonevozmot,the fuck he won't take it.
сосунок,ru,sosunok,sucker
заебать,ru,zaebat,fuck up
падла,ru,padla,asshole
бляхомудия,ru,blaxomudia,blachomudia
завали рот,ru,zavalirot,shut your mouth
уебалась,ru,uebalas,fucked
подзалупный,ru,podzalupnɨj,subalarial
мондавошки,ru,mondavoʂki,mondavos
в жопу,ru,vʒopu,up my ass
шестерка,ru,ʂesterka,six
срать на тебя,ru,sratnateba,shit on you.
ебанат вонючий,ru,jebanatvonutɕij,fucking stinker
уёбище,ru,uobiɕe,motherfucker
жидоёб,ru,ʒidoob,Jew fucker
нига,ru,niɡa,niga
предатель,ru,predatel,traitor
хуй моржерый,ru,xujmorʒerɨj,motherfucker
ебёт в рот и в жопу,ru,jebotvrotivʒopu,Fucking in the mouth and in the ass.
шут гороховый,ru,ʂutɡoroxovɨj,pea jester
подофил,ru,podofil,podophile
лолита,ru,lolita,lolita
пендостания,ru,pendostania,pendocracies
пиздуй,ru,pizduj,fuck off
не хначь,ru,nexnatɕ,No shit.
высший пиздец,ru,vɨsʂijpizdets,ultimate fuck-up
долбаеб,ru,dolbaeb,dickhead
пиздун,ru,pizdun,cunt
алкашная,ru,alkaʂnaa,alkali
мошонка,ru,moʂonka,scrotum
малоебущий,ru,maloebuɕij,fucked-up
слон,ru,slon,elephant
распиздошить,ru,raspizdoʂit,cuss out
трепездон,ru,trepezdon,trepisdon
чухмен,ru,tɕuxmen,chukhman
доебался,ru,doebalsa,fucked up
ебаная блядь,ru,jebanaablad,fucking bitch
пидорас,ru,pidoras,faggot
пиздобрат,ru,pizdobrat,cunt
подпиздываеть,ru,podpizdɨvaet,pussy
да ебал я,ru,daebala,Fuck me.
нахуя,ru,naxua,for fuck's sake
черт,ru,tɕert,damn
баба яга,ru,babaaɡa,baba yaga
соси член,ru,sositɕlen,suck a dick
прокаженный,ru,prokaʒennɨj,leper
козлоёбище,ru,kozloobiɕe,asshole
уебаться,ru,uebatsa,fuck off
ебани,ru,jebani,fuck
дурак несчастный,ru,duraknestɕastnɨj,miserable fool
выебываться,ru,vɨebɨvatsa,fuck off
пасть закрой,ru,pastzakroj,shut your mouth
гандон,ru,ɡandon,dickhead
греблядь,ru,ɡreblad,rowing
заебали,ru,zaebali,fucked up
ошибка природы,ru,oʂibkaprirodɨ,mistake of nature
поебень,ru,poeben,fuck
ты дурак,ru,tɨdurak,you're a fool.
ёб твою мать,ru,jobtvoumat,Fucking hell.
остоебала,ru,ostoebala,stooge
остоебали,ru,ostoebali,fucked up
пиздецкая,ru,pizdetskaa,fucked
пёзды,ru,pozdɨ,cunts
я твою мамку ебал,ru,jatvoumamkuebal,I fucked your mom.
похуй,ru,poxuj,fuck
балван,ru,balvan,spoilsport
ебаный карась,ru,jebanɨjkaras,fucking carp
завали пасть,ru,zavalipast,shut your mouth
черт побери,ru,tɕertpoberi,damn it
дегенерат,ru,deɡenerat,degenerate
азер,ru,azer,Azer
голоёбица,ru,ɡoloobitsa,naked cunt
москали,ru,moskali,Muscals
у меня встал,ru,umenavstal,I'm up.
пиздомания,ru,pizdomania,cunt addiction
гаишник,ru,ɡaiʂnik,traffic cop
уебки,ru,uebki,fuckers
выёбываются,ru,vɨobɨvautsa,fuck off
трепездонит,ru,trepezdonit,codpiece
халявочник,ru,xalavotɕnik,freeloader
исчезни,ru,istɕezni,disappear
залупа коская,ru,zalupakoskaa,asshole
на хуй,ru,naxuj,fuck off
секс,ru,seks,sex
объебательство,ru,objebatelstvo,embarrassment
сучьи сын,ru,sutɕisɨn,son of a bitch
блоха,ru,bloxa,flea
впиздячил,ru,vpizdatɕil,fucked up
пердун,ru,perdun,fart
выебываешься,ru,vɨebɨvaeʂsa,fucking around
уёбищенски,ru,uobiɕenski,ugly
факер,ru,faker,facer
лабизаться,ru,labizatsa,labialize
срачище,ru,sratɕiɕe,scramble
мордобой,ru,mordoboj,pugilism
окаченел,ru,okatɕenel,petrified
хуёво,ru,xuovo,fucked
хуйню нести,ru,xujnunesti,bullshit
забил хуй,ru,zabilxuj,fucked up.
жук навозный,ru,ʒuknavoznɨj,dung beetle
сучара,ru,sutɕara,bitch
наротан,ru,narotan,naratan
минет,ru,minet,blowjob
я твою маму ебал,ru,jatvoumamuebal,I fucked your mom.
говносос,ru,ɡovnosos,shit sucker
гадушник,ru,ɡaduʂnik,gadushnik
шароёбится,ru,ʂaroobitsa,wobbling
халява,ru,xalava,freebies
нигер,ru,niɡer,nigger
сучка,ru,sutɕka,bitch
конченый,ru,kontɕenɨj,finished
рачина,ru,ratɕina,rachina
доебаться,ru,doebatsa,fuck off
наебашился,ru,naebaʂilsa,fucked up
сосихуйский,ru,sosixujskij,Sosikhui
ебать,ru,jebat,fuck
головка от хуя,ru,ɡolovkaotxua,dick head
ведьма,ru,vedma,witch
крышка,ru,krɨʂka,cover
крысеныш,ru,krɨsenɨʂ,little rat
пошел на хуй,ru,poʂelnaxuj,Fuck you.
пидоростан,ru,pidorostan,faggot
заебись,ru,zaebis,fucking great
ченый,ru,tɕenɨj,black
засунь в жопу,ru,zasunvʒopu,shove it up your ass.
конча,ru,kontɕa,cum
дубина,ru,dubina,cudgel
очкун,ru,otɕkun,goggle
москаль,ru,moskal,Muscal
долбаебка,ru,dolbaebka,motherfucker
косоёбится,ru,kosoobitsa,squint
мондавошка,ru,mondavoʂka,mondawoshka
нимфоманка,ru,nimfomanka,nymphomaniac
ебанулась,ru,jebanulas,fucked up
подъёбка,ru,podjobka,banter
жидоёбская,ru,ʒidoobskaa,Jew
объебать,ru,objebat,fuck around
изъебнулась,ru,izjebnulas,fucked up
трахал,ru,traxal,fucked
наебщики,ru,naebɕiki,fuckers
выёбываться,ru,vɨobɨvatsa,fuck off
иди нахуй,ru,idinaxuj,Fuck you.
косячок,ru,kosatɕok,joint
мамка,ru,mamka,mom
запад,ru,zapad,west
херотень,ru,xeroten,bullshit
даун,ru,daun,down
бля буду,ru,blabudu,I fucking will.
жопу порву маргала выкалю,ru,ʒopuporvumarɡalavɨkalu,"I'm gonna tear my ass up, I'm gonna roll out the margal."
"ну все, тебе пизда",ru,nuvsetebepizda,"That's it, you're fucked."
хуй,ru,xuj,dick
дуб дубом,ru,dubdubom,oak tree
connard,fr,kɔnaʀ,asshole
je m’en fou,fr,ʒəmənfu,I don't care
je m’en fous,fr,ʒəmənfu,I don't care
t’as intérêt ne pas m’énervé,fr,tasɛteʀətnəpasmenɛʀve,you better not piss me off
je m’en fiche,fr,ʒəmənfiʃ,I don't care
emmerdeur,fr,ɑmɛʀdœʀ,pain in the ass
mange de la merde,fr,mɑʒədəlamɛʀd,eat shit
je veux faire l’amour avec toi,fr,ʒəvœksfɛʀɛlamuʀavəktwa,i want to make love to you
papier q,fr,papjəʀk,paper q
ça me fait chier,fr,saməfɛtʃjəʀ,it pisses me off
ducon,fr,dykɔ,ducon
t’es rien qu’un petit connard,fr,təsʀjɛkynpətitkɔnaʀ,you're nothing but a little prick
putain de merde,fr,pytɛndəmɛʀd,FUCKING SHIT
s’en foutre,fr,sənfutʀ,don't care
va te faire enculer,fr,vatəfɛʀɛɑkyləʀ,fuck you
tu es con,fr,tyəskɔ,you're an idiot
je me fais chier,fr,ʒəmɛfɛsʃjəʀ,I'm bored
"meurs, pute",fr,mœʀspyt,"die, whore"
batard,fr,bataʀ,batard
pétasse,fr,petas,cunt
dégage,fr,deɡaʒ,clear
tu fais chier,fr,tyfɛsʃjəʀ,you're a pain in the ass
enfoiré,fr,ɑfwaʀe,bastard
ma couille,fr,makujl,my ball
chiante,fr,ʃjɑtə,annoying
nom de dieu,fr,nɔmdədjø,in the name of god
ta race,fr,taʀaz,your race
mes couilles en toi,fr,məskujlɛsəntwa,my balls inside you
une casse-couille,fr,ynəkasəkujl,a pain in the ass
rien à branler,fr,ʀjənabʀɑləʀ,give a shit
ça fait shier,fr,safɛtsjəʀ,it's shier
pq,fr,pk,pq
chatte,fr,ʃat,pussy
baise moi mor,fr,bɛzəmwamɔʀ,fuck me mor
couille,fr,kujl,ball
c’est pas con,fr,kɛstpaskɔ,it's not stupid
crève la gueule ouverte,fr,kʀəvɛlaɡɥœləuvɛʀt,die with your mouth open
j’ai baisé ta mère,fr,ʒaibɛzetaməʀ,i fucked your mother
sale,fr,sal,dirty
branleur,fr,bʀɑlœʀ,wanker
couillon,fr,kujlɔ,coward
bachie coupe,fr,baʃjəkup,bachie cut
baise,fr,bɛz,fuck
enfoirée,fr,ɑfwaʀe,bastard
va te faire foutre,fr,vatəfɛʀəfutʀ,fuck you
allez,fr,alɛ,go to
je t’emmerde,fr,ʒətɑmɛʀd,screw you
enculée,fr,ɑkyle,motherfucker
"oh, merde",fr,ɔmɛʀd,"oh, shit"
c’est vraiment de ta faute,fr,kɛstvʀɛmɑtdətafot,it's really your fault
ça craint,fr,sakʀɛ,it sucks
dégueu,fr,deɡɥø,gross
s’en branler,fr,sənbʀɑləʀ,give a fuck
cul,fr,kyl,ass
va t’en,fr,vatɑ,go away
couilles,fr,kujl,balls
casse-toi,fr,kasətwa,get lost
niquer,fr,nikəʀ,fuck
pédé,fr,pede,fag
idiote,fr,idjɔt,silly
putain,fr,pytɛ,whore
j’ai envie de chier,fr,ʒaiɑvjədɛʃjəʀ,I want to shit
t’es un salaud,fr,təsynsalo,you're a bastard
foutre le bordel,fr,futʀəlɛbɔʀdəl,making a mess
vous sentez comme le boeuf et le fromage,fr,vussɑtəzkɔmɛlɛbɔœfɛtləfʀɔmaʒ,you smell like beef and cheese
gross cul,fr,ɡʀɔskyl,fat ass
chiant,fr,ʃjɑt,boring
quel salaud,fr,kəlsalo,what a bastard
je me suis fait baiser,fr,ʒəmɛsɥisfɛtbɛzəʀ,I got screwed
imbécile,fr,ɛbezil,fool
film de cul,fr,filmdəkyl,sex film
s’en foutre de,fr,sənfutʀəd,don't care about
crève la gueule ouverte!,fr,kʀəvɛlaɡɥœlɛuvɛʀtə,die with your mouth open!
fais chier,fr,fɛsʃjəʀ,screw it
rien à foutre,fr,ʀjənafutʀ,screw it
sac vin,fr,sakvɛ,wine bag
petit tabernac,fr,pətittabɛʀnak,petit tabernac
tu me gonfles,fr,tyməɡɔfl,you piss me off
pédale,fr,pedal,pedal
avale mes couilles,fr,avaləməskujl,swallow my balls
un casse-couille,fr,ynkasəkujl,a pain in the ass
con,fr,kɔ,con
c’est con,fr,kɛstkɔ,it's stupid
du pq,fr,dypk,of the pq
face de cul,fr,fazədəkyl,butt face
branleur de chiens morts,fr,bʀɑlœʀdəʃjɛsmɔʀ,dead dog wanker
ta mere suce des bites en enfer,fr,taməʀɛsyzɛdɛsbitɛsɛnɑfəʀ,your mother sucks cocks in hell
merdasse,fr,mɛʀdas,merdasse
se taire,fr,sətɛʀ,hush
salope,fr,salɔp,bitch
vas faire foutre a la vache,fr,vasfɛʀəfutʀəalavaʃ,fuck the cow
emmerdeuse,fr,ɑmɛʀdœz,pain in the ass
prendre pour une conne,fr,pʀɑdʀəpuʀynəkɔn,take for a fool
sac merde,fr,sakmɛʀd,shit bag
c’est quoi ce bordel,fr,kɛstkwasəbɔʀdəl,what the hell
à  chier,fr,aʃjəʀ,crap
enculer les mouches,fr,ɑkyləʀləsmuʃ,fuck the flies
rien à foutre de,fr,ʀjənafutʀəd,nothing to do with
trou du cul,fr,tʀudykyl,asshole
salaud,fr,salo,bastard
bite,fr,bit,cock
merde embulante,fr,mɛʀdəɑbylɑt,emblematic shit
ta gueule,fr,taɡɥœl,shut up
ça pue,fr,sapy,it stinks
j’en ai ral le bol,fr,ʒənaiʀalləbɔl,i'm fed up
t’as pas de couilles,fr,taspasdəkujl,you've got no balls
mange ma bite,fr,mɑʒəmabit,eat my cock
sa race,fr,saʀaz,its breed
ta mere la pute,fr,taməʀəlapyt,ta mere la pute
tu commence m’enmerder,fr,tykɔmɑsəmɑmɛʀdəʀ,you're starting to piss me off
idiot,fr,idjo,idiot
petite pute,fr,pətitəpyt,little whore
tu et un ane,fr,tyətynan,tu et un ane
frambler,fr,fʀɑbləʀ,frambler
je me fais chier,fr,ʒəmɛfɛsʃjəʀ,I'm bored
emmerder,fr,ɑmɛʀdəʀ,screw
vous vissez,fr,vusvisɛ,you screw
bordel,fr,bɔʀdəl,brothel
oh putain de merde,fr,ɔpytɛndəmɛʀd,oh for fuck's sake
se foutre dans la merde,fr,səfutʀədɑslamɛʀd,getting into trouble
connasse,fr,kɔnas,bitch
note from benjamin,fr,nɔtəfʀɔmbɑʒamɛ,note from benjamin
conneries,fr,kɔnɛʀj,bullshit
foutre,fr,futʀ,fuck
laisse-moi tranquille,fr,lɛsəmwatʀɑkij,leave me alone
baiser,fr,bɛzəʀ,kiss
je te nique ta race sale fils de chien,fr,ʒətɛnikɛtaʀazɛsalɛfilsdəʃjɛ,I'll fuck your race you son of a dog
putain de,fr,pytɛnd,fucking
branler,fr,bʀɑləʀ,wank
aller se faire foutre,fr,aləʀsɛfɛʀəfutʀ,fuck off
foutre la merde,fr,futʀəlamɛʀd,make a mess
j’en ai plus rien à foutre,fr,ʒənaiplysʀjənafutʀ,I don't give a fuck anymore
je m’en bats les couilles,fr,ʒəmɛnbatsləskujl,I don't give a fuck
ce mécanicien m’a bien baisé,fr,səmekanisjɛmabjənbɛze,this mechanic screwed me over
garce,fr,ɡaʀs,bitch
casser les couilles,fr,kasəʀləskujl,busting balls
zut,fr,zy,zut
dégénéré,fr,deʒeneʀe,degenerate
bordel de merde,fr,bɔʀdəldəmɛʀd,for fuck's sake
enculer une mouche,fr,ɑkyləʀynəmuʃ,fuck a fly
brûle en enfer,fr,bʀyləɛnɑfəʀ,burns in hell
de merde,fr,dəmɛʀd,of shit
abruti,fr,abʀyti,moron
ça schlingue,fr,sasʃlɛɡ,ça schlingue
couillonne,fr,kujlɔn,couillonne
vous êtes stupide,fr,vusətəsstypid,you're stupid
dégueulasse,fr,deɡɥœlas,disgusting
framble,fr,fʀɑblə,aspen
tais-toi,fr,tɛstwa,shut up
trouduc,fr,tʀudyk,asshole
nique ta mère,fr,nikətaməʀ,fuck your mother
ferme ta gueule,fr,fɛʀmətaɡɥœl,shut your mouth
conne,fr,kɔn,connect
enculé,fr,ɑkyle,motherfucker
partir en couille,fr,paʀtiʀənkujl,going to the dogs
crétin,fr,kʀetɛ,moron
chier,fr,ʃjɛʀ,chier
baise toi,fr,bɛzətwa,fuck you
pute,fr,pyt,whore
j’en ai ral le cul,fr,ʒənaiʀalləkyl,it's slowing my ass down
merde,fr,mɛʀd,shit
putain t’es moche,fr,pytɛntəsmɔʃ,you're fucking ugly
connerie,fr,kɔnəʀi,bullshit
prendre pour un con,fr,pʀɑdʀəpuʀynkɔ,take for a fool
debile,fr,dəbil,moron
ne rien foutre,fr,nəʀjənfutʀ,do nothing
t’es débile,fr,təsdebil,you're an idiot
rien à branler,fr,ʀjənabʀɑləʀ,give a shit
la vache,fr,lavaʃ,the cow
je pis dans ta bouche,fr,ʒəpisdɑstabuʃ,I pee in your mouth
qu’est-ce que tu branles,fr,kɛstsəkətybʀɑl,what the hell are you doing
putain de bordel de merde,fr,pytɛndəbɔʀdɛldəmɛʀd,for fuck's sake
se casser,fr,səkasəʀ,break
je m’en fous pas mal,fr,ʒəmənfuspasmal,I don't really care
fils de pute,fr,filsdəpyt,son of a bitch
faire chier,fr,fɛʀəʃjəʀ,piss off
enculer,fr,ɑkyləʀ,fuck
il est stupide,fr,ilɛststypid,he's stupid
branler – to jerk off,fr,bʀɑləʀtɔʒɛʀkɔf,branler - to jerk off
j’en ai marre,fr,ʒənaimaʀʀ,i'm fed up
कुत्ते की औलाद,hi,kuttekiɔlad,Dog Leash
कुत्ते की ज़ात,hi,kuttekizat,Dogs
सूअर की औलाद,hi,suarəkiɔlad,Swine auction
सूअर की ज़ात,hi,suarəkizat,pork grounds
गधे की औलाद,hi,ɡədekiɔlad,The Apostle of the Dwarf
गधे की ज़ात,hi,ɡədekizat,Dwarfs
बंदर की औलाद,hi,bəndrəkiɔlad,Monkey
बंदर की ज़ात,hi,bəndrəkizat,Monkey
भैंस की औलाद,hi,bænsəkiɔlad,Buffalo
भैंस की ज़ात,hi,bænsəkizat,About Buffalo
उल्लू की औलाद,hi,ullukiɔlad,Owl's Alasad
उल्लू की ज़ात,hi,ullukizat,Owl
लोमड़ी की औलाद,hi,lomɽikiɔlad,Lomdi's Auction
लोमड़ी की ज़ात,hi,lomɽikizat,Lumde Zat
भेड़ की औलाद,hi,beɽəkiɔlad,Sheep
भेड़ की ज़ात,hi,beɽəkizat,Sheep
बकरी की औलाद,hi,bəkrikiɔlad,Goat Aulada
बकरी की ज़ात,hi,bəkrikizat,Goat
बिल्ली की औलाद,hi,billikiɔlad,cat auction
बिल्ली की ज़ात,hi,billikizat,Cat Zat
मेंढक की औलाद,hi,menɖkəkiɔlad,Aurora of frogs
मेंढक की ज़ात,hi,menɖkəkizat,The Land of the Forest
बदीर,hi,bədir,Binder
बदीरचंद,hi,bədirtʃəndə,Сountry
बकलैंड,hi,bəklænɖə,Bakland
बकलंड,hi,bəklənɖə,Buckle
भंडवा,hi,bənɖva,Сountry
भड़वा,hi,bəɽva,Home
चिनाल,hi,tʃinal,Chinal
छनाल,hi,tʃənal,Tease
चूतिया,hi,tʃutija,Katya
चुतिया,hi,tʃutija,Katya
घसटी,hi,ɡəsʈi,SEARCH
घसति,hi,ɡəsti,Home
घसड़,hi,ɡəsəɽ,Сountry
घस्सड़,hi,ɡəssəɽ,Horse
हरामी,hi,ɦərami,Green
हरामज़ादा,hi,ɦəramzada,Haremazada
हरामजादा,hi,ɦəramdʒada,Greenland
हिजड़ा,hi,ɦidʒɽa,Hedgehog
हिजड़ा,hi,ɦidʒɽa,Hedgehog
टट्टी,hi,ʈəʈʈi,Kitty
चोद,hi,tʃod,Cheats
लंड,hi,lənɖə,Lemon
लोडे,hi,loɖe,Load
टक्के,hi,ʈəkke,Boxing
छक्का,hi,tʃəkka,Negotiable
हिजड़ा,hi,ɦidʒɽa,Hedgehog
टट्टे,hi,ʈəʈʈe,Pony
रांड,hi,ranɖə,Randy
रंढवा,hi,rənɖva,Сountry
जिगोलो,hi,dʒiɡolo,Girgo
रंडी,hi,rənɖi,Randy
लंड,hi,lənɖə,Lemon
चूत,hi,tʃut,Suck
बंड,hi,bənɖə,Bound
गांडू,hi,ɡanɖu,Gondu
गांडी,hi,ɡanɖi,English
भोसड़ी वाला,hi,bosɽivala,Busty
भोंसड़ी वाला,hi,bonsɽivala,Busty
भोसरी वाला,hi,bosrivala,Bassery
बूबले,hi,buble,BOOBLE
चुची,hi,tʃutʃi,Cheats
चूचे,hi,tʃutʃe,Violence
चूचियां,hi,tʃutʃijan,Bangles
चूत मार के,hi,tʃutəmarəke,Banging
लंड मार के,hi,lənɖəmarəke,Spanking
गांड मारी के,hi,ɡanɖəmarike,Married
चोदू,hi,tʃodu,Chotamil
लौड़ा,hi,lɔɽa,Wardrobe
लौंडा,hi,lɔnɖa,Lagoda
लोडा,hi,loɖa,Loaded
लंड,hi,lənɖə,Lemon
मुठ मारना,hi,muʈəmarna,Momenting
मुठी,hi,muʈi,Mystery
मुठल,hi,muʈəl,Muddle
बाबले,hi,bable,Babley
बुर,hi,bur,Burger
चोदना,hi,tʃodna,Sex
चुदना,hi,tʃudna,tight
चुद,hi,tʃud,tight
बूबले,hi,buble,BOOBLE
चोदू,hi,tʃodu,Chotamil
भड़वा,hi,bəɽva,Home
भड़वे,hi,bəɽve,Home
भड़वों,hi,bəɽvon,Perverts
भड़वी,hi,bəɽvi,Wife
भड़वापंती,hi,bəɽvapənti,Home
चोदेला,hi,tʃodela,Chodela
मारना,hi,marna,Hit
मारनी,hi,marni,Marry
मारने,hi,marne,Killing
गांडफटू,hi,ɡanɖpəʈu,Gadget
गांडफटी,hi,ɡanɖpəʈi,Gadgets
गांडफटा,hi,ɡanɖpəʈa,Сountry
गांडफटों,hi,ɡanɖpəʈon,Gadgets
गांडमस्ती,hi,ɡanɖməsti,English
गांड मारना,hi,ɡanɖəmarna,Singinging
गांड मारू,hi,ɡanɖəmaru,Scandals
गांड मारी,hi,ɡanɖəmari,Marathi
गांड माराना,hi,ɡanɖəmarana,Singer
झाँट,hi,dʒaʈə,Skirt
गांड फटू,hi,ɡanɖəpəʈu,Scandals
गांड फटी,hi,ɡanɖəpəʈi,Gand Fatigue
गांड फटा,hi,ɡanɖəpəʈa,Gadget Cracked
गांड फटों,hi,ɡanɖəpəʈon,Gand Bursts
गांड मस्ती,hi,ɡanɖəməsti,Gadget
गांडमरना,hi,ɡanɖmərna,English
गांडमरू,hi,ɡanɖməru,Gadget
गांडमराना,hi,ɡanɖmərana,English
गांडमारी,hi,ɡanɖmari,Gadgets
रंडीबाज़ार,hi,rənɖibazar,Randybazar
चोदो,hi,tʃodo,Chota
चोदी,hi,tʃodi,chennai
चोदने,hi,tʃodne,Sex
चोदवा,hi,tʃodva,Chodow
चुदो,hi,tʃudo,Wishes
चुदी,hi,tʃudi,Funny
चुदने,hi,tʃudne,tights
चुदवा,hi,tʃudva,Сountry
चोदाई,hi,tʃodai,Cholera
चुदा,hi,tʃuda,Suggestion
चुदाई,hi,tʃudai,Suggestion
चुदवाना,hi,tʃudvana,Witness
हरामी,hi,ɦərami,Green
हरामिया,hi,ɦəramija,Green
हरामज़ादा,hi,ɦəramzada,Haremazada
हरामज़ादी,hi,ɦəramzadi,Harmony
हरामख़ोर,hi,ɦəramxor,Harmony
कमीना,hi,kəmina,Decreasing
कमीनी,hi,kəmini,Missing
भोसड़ी,hi,bosɽi,Beaux
भोसड़ीके,hi,bosɽike,Сountry
भंडवा,hi,bənɖva,Сountry
भंडी,hi,bənɖi,Blessing
भड़वा,hi,bəɽva,Home
भड़वी,hi,bəɽvi,Wife
रांड,hi,ranɖə,Randy
रांडवा,hi,ranɖva,Randwa
रांडिबाजार,hi,ranɖibadʒar,Randybazar
हिजड़ा,hi,ɦidʒɽa,Hedgehog
हिजरा,hi,ɦidʒra,Hedgehog
हिजड़े,hi,ɦidʒɽe,Hedgehog
छक्का,hi,tʃəkka,Negotiable
गांडू,hi,ɡanɖu,Gondu
गंडू,hi,ɡənɖu,Gondu
लवड़ा,hi,ləvɽa,Lover
लौड़ा,hi,lɔɽa,Wardrobe
लोडा,hi,loɖa,Loaded
लंड,hi,lənɖə,Lemon
लंडवा,hi,lənɖva,LANDWA
चूत,hi,tʃut,Suck
चूतिया,hi,tʃutija,Katya
चूतमार,hi,tʃutmar,titmar
चूतियापा,hi,tʃutijapa,Katyapa
filho da puta,pt,filodɐputɐ,son of a bitch
pisso,pt,piʃso,pisso
puta que pariu,pt,putɐkɛpɐɾiw,Holy shit
cabra,pt,kɐbʁɐ,goat
escroto,pt,ɛʃkɾoto,scrotum
saco de merda,pt,sɐkodɛmɛɾdɐ,bag of shit
cracudo,pt,kɾɐkudo,crackpot
foder,pt,fodɛɾ,fuck
vai se foder,pt,vajsɛfodɛɾ,fuck you
vagabundo,pt,vɐɡɐbundo,tramp
porra,pt,poʁɐ,fuck
pra caralho,pt,pɾɐkɐɾɐlo,for fuck's sake
broche,pt,bɾokɛ,brooch
pixota,pt,piksotɐ,pixota
chupa meu pau,pt,kupɐmewpaw,suck my cock
pau,pt,paw,stick
galinha,pt,ɡɐlinɐ,chicken
cacete,pt,kɐzɛtɛ,cock
bicha,pt,bikɐ,queer
arrombado,pt,ɐʁombɐdo,broken into
pica,pt,pikɐ,pica
rego do cu,pt,ʁɛɡodoku,asshole
piça,pt,pisɐ,cock
corno,pt,koɾno,cuckold
negão,pt,nɛɡɐw,black
merda,pt,mɛɾdɐ,shit
xoxota,pt,ʃoksotɐ,pussy
boquete,pt,bokɛtɛ,blowjob
olho do cu,pt,olodoku,asshole
chupa-mos,pt,kupɐmoʃ,we suck
peido,pt,pɛjdo,fart
mijar,pt,miʒɐɾ,piss
sapatão,pt,sɐpɐtɐw,slut
mouro,pt,mowuɾo,Moorish
siririca,pt,siɾiɾikɐ,siririca
foda,pt,fodɐ,fuck
cu,pt,ku,ass
foda-se,pt,fodɐsɛ,fuck
vai apanhar no cu,pt,vajɐpɐnɐɾnoku,get your ass kicked
fodido,pt,fodido,fucked
vai pro caralho,pt,vajpɾokɐɾɐlo,fuck off
teu cu,pt,tewku,your ass
minete,pt,minɛtɛ,minete
babaca,pt,bɐbɐkɐ,asshole
mamada,pt,mɐmɐdɐ,blowjob
cona,pt,konɐ,cunt
paneleiro,pt,pɐnɛlɛjɾo,faggot
cachorro,pt,kɐkoʁo,dog
pachacha,pt,pɐkɐkɐ,pachacha
trepar,pt,tɾɛpɐɾ,climb
piroca,pt,piɾokɐ,dick
enrabar,pt,ɛnʁɐbɐɾ,screw
do caralho,pt,dokɐɾɐlo,fucking
negro,pt,nɛɡʁo,black
cachorra,pt,kɐkoʁɐ,puppy
bobo,pt,bobo,silly
puta merda,pt,putɐmɛɾdɐ,Holy shit
fode-te,pt,fodɛtɛ,fuck you
piranha,pt,piɾɐnɐ,piranha
caralho,pt,kɐɾɐlo,fuck
escrota,pt,ɛʃkɾotɐ,scrooge
punheta,pt,punɛtɐ,wank
vai tomar no cu,pt,vajtomɐɾnoku,fuck off
cabrão,pt,kɐbʁɐw,motherfucker
viado,pt,viɐdo,faggot
rata,pt,ʁɐtɐ,pussy
que porra é essa,pt,kɛpoʁɐeɛʃsɐ,what the fuck is this
canalha,pt,kɐnɐlɐ,scoundrel
cagar,pt,kɐɡɐɾ,shit
preto,pt,pɾɛto,black
encher o saco,pt,ɛnkɛɾosɐko,fill your bag
pito,pt,pito,pito
badalhoca,pt,bɐdɐlokɐ,badass
trouxa,pt,tɾowuksɐ,fool
puta,pt,putɐ,whore
"vai para o caralho, vai-te foder",pt,vajpɐɾɐokɐɾɐlovajtɛfodɛɾ,"fuck you, fuck off"
monte de merda,pt,montɛdɛmɛɾdɐ,pile of shit
boiola,pt,bowjolɐ,faggot
vai mamar na quinta pata do cavalo,pt,vajmɐmɐɾnɐkintɐpɐtɐdokɐvɐlo,go suck the horse's fifth leg
brocha,pt,bɾokɐ,broach
moor,pt,mowoɾ,moor
caceta,pt,kɐzɛtɐ,cunt
buceta,pt,buzɛtɐ,pussy
pila,pt,pilɐ,cock
porra nenhuma,pt,poʁɐnɛnumɐ,fucking nothing
badalhoco,pt,bɐdɐloko,clown
vaca,pt,vɐkɐ,cow
nem fodendo,pt,nɛmfodɛndo,no fucking way
肏,zh,tsao,fuck (vulgar)
操,zh,tsao,drill (practice)
他妈的,zh,tamate,(taboo curse) damn it!
去你的,zh,tɕynite,Go hell!
你妈的屄,zh,nimatipi,You fucking cunt.
肏你妈,zh,tsaonima,fuck your mother (vulgar)
肏你妈的屄,zh,tsaonimatipi,Fuck your mom's cunt.
干你妈,zh,kannima,Fuck you!
干你娘,zh,kanniniaŋ,Fuck you!
王八,zh,waŋpa,tortoise
王八旦,zh,waŋpatan,turtle's egg (highly offensive when directed at sb)
龟孙子,zh,kueisuntsi,(coll.) bastard
杂种,zh,tsaʈʂoŋ,son-of-a-bitch
混蛋,zh,xuntan,asshole
犯贱,zh,fantɕian,lowly
招贬,zh,ʈʂaopian,disparage
低三下四,zh,tisanɕiasi,servile
狗腿子,zh,koutueitsi,fig. one who follows a villain
拍马屁,zh,paimapi,boot-licking
神经病,zh,ʂentɕiŋpiŋ,mental disorder
变态,zh,piantai,perverted (slang)
脑残,zh,naotsan,brain-dead (derogatory)
白痴,zh,paiʈʂi,idiocy
笨蛋,zh,pentan,geek
傻子,zh,ʂatsi,a fool
残废,zh,tsanfei,garbled
智障,zh,ʈʂɻʈʂaŋ,learning difficulties (handicap)
我尻,zh,wokao,I'll do it.
婊子,zh,piaotsi,prostitute
婊子,zh,piaotsi,prostitute
三八,zh,sanpa,stupid
混账,zh,xunʈʂaŋ,absolutely disgraceful!
滚蛋,zh,kuntan,beat it!
傻子,zh,ʂatsi,a fool
呆子,zh,taitsi,sucker
惡棍,zh,kun,bully
神棍,zh,ʂenkun,sorcerer
窝囊废,zh,wonaŋfei,good-for-nothing
废物,zh,feiu,landfills
废人,zh,feiɻen,handicapped person
废话,zh,feixua,No kidding! (gently sarcastic)
流氓,zh,lioumaŋ,hooliganism
人渣,zh,ɻenʈʂa,dregs of society
畜生,zh,ʈʂuʂeŋ,bastard
禽兽,zh,tɕinʂou,birds and animals
贱货,zh,tɕianxuo,slut
骚货,zh,saoxuo,loose woman
去死,zh,tɕysi,go hell!
该死,zh,kaisi,damned
找死,zh,ʈʂaosi,court death
吃屎,zh,ʈʂiʂɻ,fall flat on one's face (vulgar)
放屁,zh,faŋpi,break wind
屎蛋,zh,ʂɻtan,feces
没屁用,zh,muopijoŋ,useless
有屁用,zh,joupijoŋ,(coll.) be useless
屁话,zh,pixua,shit
狗崽子,zh,koutsaitsi,bastard
狗屁,zh,koupi,nonsense
狗屁不通,zh,koupiputoŋ,unintelligible as shit
狗日的,zh,kouɻiti,bastard
狗杂种,zh,koutsaʈʂoŋ,bastard
杂种,zh,tsaʈʂoŋ,son-of-a-bitch
走狗,zh,tsoukou,hunting dog
狗腿子,zh,koutueitsi,fig. one who follows a villain
滚开,zh,kunkai,boil (of liquid)
滚蛋,zh,kuntan,beat it!
屌,zh,tiao,fuck (Cantonese)
臭閪,zh,ɕiou,smelly wench
鸠,zh,tɕiou,"penis (slang, esp. Cantonese)"
柒头,zh,tɕitou,seven (banker's anti-fraud numeral)
傻逼,zh,ʂapi,idiot
曹尼玛,zh,tsaonima,Tsang Nyima.
草泥马,zh,tsaonima,grass mud horse
操你妈,zh,tsaonima,Fuck you!
去死吧,zh,tɕysipia,Go to hell.
傻叼,zh,ʂatiao,stupid
hıyar,tr,hɯjaɾ,Cucumber
siktir orospu çocuğu,tr,siktiɾoɾosputʃodʒuɰu,"Fuck you, motherfucker."
taşak,tr,taʃak,balls
aptal,tr,aptal,Stupid
abaza,tr,abaza,abaza
kaşar,tr,kaʃaɾ,Kashkaval
onbeş,tr,onbeʃ,fifteen
denyo,tr,denjo,Douchebag
götüne koyarım,tr,ɡœtynekojaɾɯm,I'll fuck you in the ass
götünü sikerim,tr,ɡœtynysikeɾim,I'll fuck your ass
31 çekelim,tr,tʃekelim,Let's jerk off
lavuk,tr,lavuk,asshole
amına koyarım,tr,amɯnakojaɾɯm,Fuck you.
sıçtık,tr,sɯtʃtɯk,We're fucked
ezik,tr,ezik,loser
götten bacaklı,tr,ɡœttenbadʒaklɯ,ass-legged
sikindirik,tr,sikindiɾik,SICKNESS
yavşak,tr,javʃak,asshole
hiçbir lanet yolu,tr,hitʃbiɾlanetjolu,no fucking way
şapka,tr,ʃapka,hat
amına koğumun piçi,tr,amɯnakoɰumunpitʃi,fucking bastard.
sıçarım babanın şarap çanağına,tr,sɯtʃaɾɯmbabanɯnʃaɾaptʃanaɰɯna,I'll shit in your father's wine bowl
ecdadını sikeyim,tr,edʒdadɯnɯsikejim,fuck your ancestors
film,tr,film,movie
sikim sokum,tr,sikimsokum,Fuck me
sikimtronik,tr,sikimtɾonik,sikimtronik
sikitr,tr,sikitɾ,sikitr
orospu,tr,oɾospu,bitch
yarrak,tr,jaɾɾak,cock
abazan,tr,abazan,abazan
siktir,tr,siktiɾ,Shit!
manda,tr,manda,buffalo
götveren,tr,ɡœtveɾen,asshole
pislik,tr,pislik,asshole
şıllık,tr,ʃɯllɯk,bitch
frikik,tr,fɾikik,frikikik
siçan,tr,sitʃan,SICAN
sıçarım gözlük camına dünyayı bombok görürsün,tr,sɯtʃaɾɯmɡœzlykdʒamɯnadynjajɯbombokɡœɾyɾsyn,"I'll shit in your glasses, you'll see the world as shit."
zibidi,tr,zibidi,zibidi
eline vermek,tr,elineveɾmek,to give into your hand
feriştahını sikeyim,tr,feɾiʃtahɯnɯsikejim,fuck your fuckin' ass
puşt,tr,puʃt,asshole
siktir git,tr,siktiɾɡit,Fuck off
götüne koyayım,tr,ɡœtynekojajɯm,Fuck you in the ass
hasiktir,tr,hasiktiɾ,Holy shit
sığır,tr,sɯɰɯɾ,cattle
hayvan,tr,hajvan,animal
kaltak,tr,kaltak,Bitch
yarrak kafa,tr,jaɾɾakkafa,cock head
salak,tr,salak,Idiot
tek kürek yalova yapmak,tr,tekkyɾekjalovajapmak,single shovel make yalova
amsalak,tr,amsalak,amsalak
götünden kan alırım,tr,ɡœtyndenkanalɯɾɯm,I'll bleed out your ass
ver,tr,veɾ,give
sikik,tr,sikik,Fucker
yelloz,tr,jelloz,yelloz
sikmek,tr,sikmek,fuck
sıçışlardayız,tr,sɯtʃɯʃlaɾdajɯz,we're in the shits
orospu çocuğu,tr,oɾosputʃodʒuɰu,son of a bitch
ejderha,tr,eʒdeɾha,dragon
amına koyayım,tr,amɯnakojajɯm,Fuck you.
am budalası,tr,ambudalasɯ,pussy idiot
ciğerini sikeyim,tr,dʒiɰeɾinisikejim,Fuck your liver
bok ye,tr,bokje,eat shit
amcık ağızlı,tr,amdʒɯkaɰɯzlɯ,cunt mouth
motor,tr,motoɾ,motor
kavat,tr,kavat,kavat
amını sikerim,tr,amɯnɯsikeɾim,I'll fuck your pussy
beş,tr,beʃ,five
kicimi op,tr,kidʒimiop,op my ass
böluk,tr,bœluk,böluk
amcık hoşafı,tr,amdʒɯkhoʃafɯ,cunt treats
köylü,tr,kœjly,villager
nataşa,tr,nataʃa,natasha
ağzına sıçarım,tr,aɰzɯnasɯtʃaɾɯm,I'll fuck you up
embesil,tr,embesil,imbecile
ısır beni,tr,ɯsɯɾbeni,Bite me
kıç,tr,kɯtʃ,ass
kevaşe,tr,kevaʃe,skank
sikimsonik,tr,sikimsonik,cycimsonic
canın cehenneme,tr,dʒanɯndʒehenneme,Fuck you
açık kapı,tr,atʃɯkkapɯ,open door
yarrağımın antifrizi,tr,jaɾɾaɰɯmɯnantifɾizi,antifreeze for my cock
mal,tr,mal,goods
yarrağımı,tr,jaɾɾaɰɯmɯ,my cock
yosma,tr,josma,Yosma
göte geldin,tr,ɡœteɡeldin,you came in the ass
sikimtırak,tr,sikimtɯɾak,Fucktard
dalga,tr,dalɡa,wave
yarrağımı ye,tr,jaɾɾaɰɯmɯje,eat my cock
amcik,tr,amdʒik,cunt
aşüfte,tr,aʃyfte,hussy
ananı avradını sikeyim,tr,ananɯavɾadɯnɯsikejim,Fuck your motherfucker.
yarrağımın kurma kolu,tr,jaɾɾaɰɯmɯnkuɾmakolu,the crown of my cock
bok,tr,bok,Shit
ciğersiz pezevenk,tr,dʒiɰeɾsizpezevenk,you pimp without a liver
dümbük,tr,dymbyk,dumbass
pezevenk,tr,pezevenk,Pimp
eşekoğlueşek,tr,eʃekoɰlueʃek,donkey son of donkey
seni sikerim,tr,senisikeɾim,fuck you
apaçi,tr,apatʃi,Apache
siktirici,tr,siktiɾidʒi,fucker
hödük,tr,hœdyk,boor
at hırsızı,tr,athɯɾsɯzɯ,horse thief
amını sikeyim,tr,amɯnɯsikejim,Fuck your pussy
götübozuk,tr,ɡœtybozuk,asshole
götünü sikeyim,tr,ɡœtynysikejim,Fuck your ass
yarrak ağızlı,tr,jaɾɾakaɰɯzlɯ,cock mouth
anasını avradını siktiğimin orospu çocuğu,tr,anasɯnɯavɾadɯnɯsiktiɰiminoɾosputʃodʒuɰu,motherfucking son of a bitch
amına koyim,tr,amɯnakojim,Fuck you.
ibne,tr,ibne,Faggot
yedi ceddini siktiğimin oğlu,tr,jedidʒeddinisiktiɰiminoɰlu,you fucking son of a bitch
gerzek,tr,ɡeɾzek,idiot
sülaleni sikeyim,tr,sylalenisikejim,fuck your ancestors
göt siken,tr,ɡœtsiken,ass fucker
sik,tr,sik,fuck
zübük,tr,zybyk,Zubük
top,tr,top,top
ağzına sıçayım,tr,aɰzɯnasɯtʃajɯm,fuck you
hırt,tr,hɯɾt,Hysterical
piç,tr,pitʃ,Bastard
çekirge götü,tr,tʃekiɾɡeɡœty,grasshopper ass
yarak,tr,jaɾak,cock
amına koyduğumun çocuğu,tr,amɯnakojduɰumuntʃodʒuɰu,motherfucker.
yarak kürek,tr,jaɾakkyɾek,cock shovel
ananı sikerim,tr,ananɯsikeɾim,fuck your mother
amcık,tr,amdʒɯk,cunt
fallik,tr,fallik,phallic
sürtük,tr,syɾtyk,slut
fahişe,tr,fahiʃe,prostitute
dalyarak,tr,daljaɾak,dalyarak
aşk meleği,tr,aʃkmeleɰi,angel of love
yarrağı yedin,tr,jaɾɾaɰɯjedin,You're fucked
yordamını sikeyim,tr,joɾdamɯnɯsikejim,fuck your procedure
dalağını sikerim,tr,dalaɰɯnɯsikeɾim,fuck your spleen
göt lalesi,tr,ɡœtlalesi,ass tulip
sik kafalı,tr,sikkafalɯ,dickhead
budala,tr,budala,foolish
ananı bacını sikeyim,tr,ananɯbadʒɯnɯsikejim,fuck your mother and your sister
siki tuttun,tr,sikituttun,you're fucked
göt,tr,ɡœt,ass
göt veren,tr,ɡœtveɾen,ass giver
deyyus,tr,dejjus,idiot
yarrağı,tr,jaɾɾaɰɯ,his cock
gerizekalı,tr,ɡeɾizekalɯ,Idiot
dürzü,tr,dyɾzy,dür dürzü
sikimde değil,tr,sikimdedeɰil,I don't give a fuck
allah kahretsin,tr,allahkahɾetsin,God damn it
amına kodumun piçi,tr,amɯnakodumunpitʃi,you fucking bastard.
sırık,tr,sɯɾɯk,pole
öküz,tr,œkyz,ox
milli olmak,tr,milliolmak,being national
sikko,tr,sikko,sikko
dangalak,tr,danɡalak,douchebag
eşek,tr,eʃek,donkey
ebesini siktiğimin göt lalesi,tr,ebesinisiktiɰiminɡœtlalesi,you fucking asshole tulip
sıçarım böyle işe,tr,sɯtʃaɾɯmbœjleiʃe,Fuck this shit.
ağzını yüzünü siktiğimin pezevengi,tr,aɰzɯnɯjyzynysiktiɰiminpezevenɡi,You're a fucking pimp.
gelmişini geçmişini sikeyim,tr,ɡelmiʃiniɡetʃmiʃinisikejim,"Fuck you, fuck you, fuck you."
amını götünden sikerim,tr,amɯnɯɡœtyndensikeɾim,I'll fuck your cunt in the ass.
concha,es,kontʃa,shell
carajo,es,kaɾaxo,fuck
chilito,es,tʃilito,chilito
joderse,es,xodeɾse,fuck
costar un huevo,es,kostaɾunuebo,cost an egg
maldición,es,maldision,curse
mostacero,es,mostaseɾo,mostacero
tu madre es una estupida,es,tumadɾeesunaestupida,your mother is stupid
pichacorta,es,pitʃakoɾta,pichacorta
we,es,we,we
pinche puta,es,pintʃeputa,fucking whore
mamon,es,mamon,sucker
huey,es,uei,huey
"chinga tu madre, cabron",es,tʃinɡatumadɾekabɾon,"fuck your mother, motherfucker"
cojón,es,koxon,cushion
remojar el cochayuyo,es,ɾemoxaɾelkotʃajuio,soaking the cochayuyo
chichi,es,tʃitʃi,chichi
wea,es,wea,wea
soplapollas,es,soplapoʝas,cocksucker
sucia,es,susia,dirty
hueva,es,ueba,roe
pargo,es,paɾɡo,snapper
te cogieron de pendejo,es,tekoxieɾondependexo,you were caught as an asshole
rabo,es,ɾabo,tail
me cago en el coño de tu madre,es,mekaɡoenelkoɲodetumadɾe,I shit on your mother's cunt
maricon,es,maɾikon,fag
hasta la madre,es,astalamadɾe,up to the mother
pinche idiota,es,pintʃeidjota,fucking idiot
putain,es,putain,putain
joto,es,xoto,joto
la cagada,es,lakaɡada,the screw-up
te voy a romper la cara a trompadas,es,teboiaɾompeɾlakaɾaatɾompadas,I'm going to beat your face to a pulp
cabrón,es,kabɾon,motherfucker
chingate,es,tʃinɡate,chingate
coño,es,koɲo,pussy
yo mataria tu,es,iomataɾjatu,I would kill your
maraca,es,maɾaka,maraca
peras,es,peɾas,pears
"no huyas, pendejo",es,noujaspendexo,"don't run away, asshole"
tocarse las peras,es,tokaɾselaspeɾas,touching one's pears
pete,es,pete,pete
tarado,es,taɾado,moron
cara de monda,es,kaɾademonda,monkey face
comerán mierda,es,komeɾanmjeɾda,will eat shit
maraco,es,maɾako,maraco
plumífero,es,plumifeɾo,down jacket
mamaverga,es,mamabeɾɡa,mamaverga
cola,es,kola,tail
que te den por culo,es,ketedenpoɾkulo,fuck you
invertido,es,inbeɾtido,inverted
una pendejada,es,unapendexada,an asshole
mariquita,es,maɾikita,ladybug
maricona,es,maɾikona,fag
agilipollado,es,axilipoʝado,agilipollado
pirobo,es,piɾobo,pyrobo
playo,es,plajo,beach
parcha,es,paɾtʃa,patch
joder,es,xodeɾ,fuck
tontopollas,es,tontopoʝas,dumbass
jode a tu madre,es,xodeatumadɾe,fuck your mother
cojeme,es,koxeme,fuck me
pinche,es,pintʃe,pinche
deje de ser tan pendejo,es,dexedeseɾtanpendexo,stop being such an asshole
la he jodido,es,laexodido,I screwed up
chingóna,es,tʃinɡona,chingóna
trompada,es,tɾompada,punch
salchicha,es,saltʃitʃa,sausage
las tetas,es,lastetas,tits
chuchamadre,es,tʃutʃamadɾe,chuchamadre
choto,es,tʃoto,choto
cucaracha,es,kukaɾatʃa,cockroach
maldito,es,maldito,damn
homo,es,omo,homo
negraco,es,neɡɾako,black
tortillera,es,toɾtiʝeɾa,dyke
caray,es,kaɾai,heck
ojete,es,oxete,eyelet
puta,es,puta,whore
pute,es,pute,whore
chupamedias,es,tʃupamedjas,sucker
chinga tu hermana,es,tʃinɡatueɾmana,fuck your sister
comemierda,es,komemjeɾda,shit eater
plon,es,plon,plon
julandrón,es,xulandɾon,julandron
me importa tres cojones,es,meimpoɾtatɾeskoxones,I don't give a damn
tengo ganas,es,tenɡoɡanas,I feel like
trolo,es,tɾolo,troll
julai,es,xulai,julai
vete a la chingada,es,betealatʃinɡada,go to hell
putta,es,putta,whore
panoche,es,panotʃe,panoche
vete al infierno,es,betealinfjeɾno,go to hell
hora,es,oɾa,time
cojon,es,koxon,cojon
cara de panocha,es,kaɾadepanotʃa,panocha face
sarasa,es,saɾasa,sarasa
chotera,es,tʃoteɾa,cholera
eres una marica,es,eɾesunamaɾika,you are a faggot
vete a la mierda,es,betealamjeɾda,go to hell
wa,es,wa,wa
cojonazos,es,koxonasos,cojonazos
valió madre,es,baljomadɾe,it was worth it
chorra,es,tʃora,chorra
mamapinga,es,mamapinɡa,mamapinga
bolas,es,bolas,balls
mojon,es,moxon,mojon
mamagüevos,es,mamaɡwebos,mamagüevos
fundío,es,fundjo,melted
nabo,es,nabo,turnip
guarra,es,ɡwara,slut
chingado,es,tʃinɡado,fuck
come mierda,es,komemjeɾda,eats shit
tocar los cojones,es,tokaɾloskoxones,busting my balls
me cago en la virgen,es,mekaɡoenlabiɾxen,holy shit
mamona,es,mamona,mamona
cabron,es,kabɾon,motherfucker
mamavergas,es,mamabeɾɡas,mamavergas
tonta,es,tonta,fool
cueco,es,kweko,cueco
jodido,es,xodido,fucking
conchatumadre,es,kontʃatumadɾe,conchatumadre
se la metio,es,selametjo,he put it in
le quedo una chimba,es,lekedounatʃimba,it was a chimba
gilipollas,es,xilipoʝas,asshole
pelos de los huevos,es,pelosdelosuebos,egg hairs
mal bicho,es,malbitʃo,bad bug
metete un palo por el culo,es,meteteunpalopoɾelkulo,shove a stick up your ass
me cago en la leche,es,mekaɡoenlaletʃe,FUCK MY FUCK!
verga dura,es,beɾɡaduɾa,hard cock
me importa un huevo,es,meimpoɾtaunuebo,I don't give a damn
huevada,es,uebada,huevada
cipote,es,sipote,cipote
chupame la polla,es,tʃupamelapoʝa,suck my dick
hijo de la chingada,es,ʝxodelatʃinɡada,son of a bitch
comecaca,es,komekaka,comecaca
besame el culo,es,besameelkulo,kiss my ass
zunga,es,sunɡa,zunga
estás puto,es,estasputo,you're fucking
hijo de mil putas,es,ʝxodemilputas,son of a thousand whores
cara de pito,es,kaɾadepito,dick face
bombero,es,bombeɾo,firefighter
chotaco,es,tʃotako,chotaco
desviado,es,desbjado,deviated
cagaste y saltaste en la caca,es,kaɡasteisaltasteenlakaka,you pooped and jumped in the poop
tu madre es una puta,es,tumadɾeesunaputa,your mother is a whore
métetelo por el culo,es,metetelopoɾelkulo,shove it up your ass
rosquete,es,ɾoskete,rosquete
caracho,es,kaɾatʃo,caracho
negrata,es,neɡɾata,negrata
me encanta tu culo,es,meenkantatukulo,I love your ass
garchar,es,ɡaɾtʃaɾ,garchar
madrear,es,madɾeaɾ,madrear
tirate a un poso,es,tiɾateaunposo,jump into a well
una pendeja,es,unapendexa,an asshole
me cago,es,mekaɡo,I shit
de cojones,es,dekoxones,fucking
puto,es,puto,fucking
pinga,es,pinɡa,pinga
trucha,es,tɾutʃa,trout
calientapollas,es,kaljentapoʝas,cock warmer
jupa de pollo,es,xupadepoʝo,chicken jupa
mondá,es,monda,mondá
basura,es,basuɾa,garbage
fundillo,es,fundiʝo,sleeve
valió verga,es,baljobeɾɡa,worthless
cundango,es,kundanɡo,cundango
wey,es,wei,wey
gonorrea,es,ɡonorea,gonorrhea
pedazo,es,pedaso,piece
madrazo,es,madɾaso,madrazo
banana,es,banana,banana
porongo,es,poɾonɡo,porongo
me importa un cojón,es,meimpoɾtaunkoxon,I don't give a damn
macha,es,matʃa,macha
no me jodas,es,nomexodas,don't fuck with me
manflor,es,manfloɾ,manflor
trabuco,es,tɾabuko,blunderbuss
por huevos,es,poɾuebos,for eggs
comilón,es,komilon,glutton
zorra,es,sora,bitch
todo el jupa de poll,es,todoelxupadepoʝ,all the jupa de poll
triple-hijueputa,es,tɾipleʝxweputa,triple-hijueputa
tocarse los cojones,es,tokaɾseloskoxones,busting a nut
poronga,es,poɾonɡa,poronga
cocoon,es,kokoon,cocoon
tocarse los huevos,es,tokaɾselosuebos,touching your balls
verga muy grande,es,beɾɡamuiɡɾande,very large cock
raro,es,ɾaɾo,rare
chingón,es,tʃinɡon,chingón
no joda,es,noxoda,no joda
follar,es,foʝaɾ,fuck
soplanucas,es,soplanukas,soplanucas
negrito,es,neɡɾito,negrito
puttus,es,puttus,puttus
verga,es,beɾɡa,cock
chingar,es,tʃinɡaɾ,chingar
fran,es,fɾan,fran
gilipolla,es,xilipoʝa,asshole
caquita de la vaquita,es,kakitadelabakita,cow patty
me cago en ti,es,mekaɡoenti,I shit on you
kieta el stupido elephante,es,kjetaelstupidoelepante,kieta the stupid elephant
knave,es,knabe,knave
güey,es,ɡwei,güey
bete a la verga,es,betealabeɾɡa,go to hell
orto,es,oɾto,ortho
payaso,es,pajaso,clown
cabro,es,kabɾo,goat
loco,es,loko,crazy
capullo,es,kapuʝo,cocoon
mariconzón,es,maɾikonson,faggot
mierda de toro,es,mjeɾdadetoɾo,bull shit
chula,es,tʃula,chula
echar madrazos,es,etʃaɾmadɾasos,punching
tocarse las pelotas,es,tokaɾselaspelotas,busting a nut
tragasables,es,tɾaɡasables,swallowable
afeminado,es,afeminado,effeminate
mierda,es,mjeɾda,shit
loca,es,loka,madwoman
hijueputa,es,ʝxweputa,hijueputa
pinnus,es,pinnus,pinnus
tonto,es,tonto,fool
collons,es,koʝons,collons
buey,es,bwei,ox
culear,es,kuleaɾ,snoring
qué chingados es eso,es,ketʃinɡadoseseso,what the fuck is that
puñal,es,puɲal,dagger
conchetumadre,es,kontʃetumadɾe,conchetumadre
ahueonao,es,aweonao,ahueonao
garcha,es,ɡaɾtʃa,garcha
pelotudo,es,pelotudo,asshole
miércoles,es,mjeɾkoles,Wednesday
le metio la verga,es,lemetjolabeɾɡa,he stuck his dick in it
jode tu madre ayer noche,es,xodetumadɾeajeɾnotʃe,fuck your mother last night
cacorro,es,kakoro,cacorro
percanta,es,peɾkanta,percanta
ahuevoneado,es,aweboneado,dumbed down
chinga tu madre,es,tʃinɡatumadɾe,fuck your mother
perra,es,pera,bitch
chorizo,es,tʃoɾiso,chorizo
palanca de cambios,es,palankadekambjos,gearshift lever
caca,es,kaka,poop
culero,es,kuleɾo,asshole
joystick,es,xoistikk,joystick
pájaro,es,paxaɾo,bird
hueco,es,ueko,hollow
tu eres más feo que el culo de un mono,es,tueɾesmasfeokeelkulodeunmono,You're uglier than a monkey's ass.
yo cago en la leche de tu puta madre,es,iokaɡoenlaletʃedetuputamadɾe,I shit in the milk of your mother's whore milk
estás cabrón,es,estaskabɾon,you're a bastard
atontado,es,atontado,stunned
chingada,es,tʃinɡada,chingada
chingona,es,tʃinɡona,chingona
"uy, que care-chimba",es,uikekaɾetʃimba,"uy, what a care-chimba"
chulo,es,tʃulo,pimp
bolson,es,bolson,bolson
chingada madre,es,tʃinɡadamadɾe,motherfucker
mamagüevo,es,mamaɡwebo,mamagüevo
tu madre es una puta fea,es,tumadɾeesunaputafea,your mother is an ugly whore
tragaleche,es,tɾaɡaletʃe,tragaleche
vaina,es,baina,pod
gilipollez,es,xilipoʝes,bullshit
coger,es,koxeɾ,catch
chota,es,tʃota,chota
muerdealmohadas,es,mweɾdealmoadas,pillowbiter
cara de mi huevo izquierdo,es,kaɾademiueboiskjeɾdo,my left egg face
puttana,es,puttana,puttana
cockroach,es,kokkɾoatʃ,cockroach
chivo,es,tʃibo,goat
andate a la chucha,es,andatealatʃutʃa,go to hell
culito,es,kulito,ass
tocar los huevos,es,tokaɾlosuebos,touching the eggs
"qué maricón de mierda, eh?",es,kemaɾikondemjeɾdae,"what a fucking faggot, eh?"
poto,es,poto,poto
polla,es,poʝa,cock
bujarra,es,buxara,bujarra
bugarrón,es,buɡaron,bugarrón
bombilla de cuero,es,bombiʝadekweɾo,leather bulb
maricueca,es,maɾikweka,maricueca
tu madre es muy gato y feo,es,tumadɾeesmuiɡatoifeo,your mother is very cat-like and ugly
me cago en la hostia,es,mekaɡoenlaostja,FUCKING FUCKING HOSTAGE
soy la verga andando,es,soilabeɾɡaandando,I'm the walking dick
"mano, eres tremendamente maricón",es,manoeɾestɾemendamentemaɾikon,"mano, you are a tremendous faggot"
puta barrata,es,putabarata,fucking barrata
el orto,es,eloɾto,the ortho
"chinga tu madre, cabrón",es,tʃinɡatumadɾekabɾon,"fuck your mother, motherfucker"
puta madre,es,putamadɾe,motherfucker
boludo,es,boludo,boludo
so',es,so,so
está muy pinche,es,estamuipintʃe,it is very pinchy
coño,es,koɲo,pussy
huevos,es,uebos,eggs
te voy a meter la verga,es,teboiameteɾlabeɾɡa,I'm going to stick my dick in you
mira qué cabrón,es,miɾakekabɾon,look what a bastard
desgraciado,es,desɡɾasiado,wretched
colizón,es,kolison,colizon
marimacha,es,maɾimatʃa,marimacha
carajito,es,kaɾaxito,carajito
bambaro,es,bambaɾo,bambaro
roscón,es,ɾoskon,roscón
mierda de toros,es,mjeɾdadetoɾos,bull shit
cochón,es,kotʃon,cochon
plumón,es,plumon,down
culiao,es,kuljao,culiao
manflora,es,manfloɾa,manflora
chichis,es,tʃitʃis,chichis
hueles a mierda,es,uelesamjeɾda,you smell like shit
vete al carajo,es,betealkaɾaxo,go to hell
raghead,es,ɾaɡead,raghead
camel jockey,es,kamelxokkei,camel jockey
chingon,es,tʃinɡon,chingon
chotar,es,tʃotaɾ,chotar
pendo,es,pendo,pendo
chocha,es,tʃotʃa,chocha
ahuevado,es,awebado,hollowed out
estúpido,es,estupido,stupid
bujarrón,es,buxaron,bujarron
pendejo,es,pendexo,asshole
bufarrón,es,bufaron,buffoon
me cago en tu puta madre,es,mekaɡoentuputamadɾe,I fuck your motherfuckin' motherfucker
parchita,es,paɾtʃita,parchita
culo,es,kulo,ass
bicho,es,bitʃo,bug
yo soy cabrón,es,iosoikabɾon,I am a bastard
pinche güey,es,pintʃeɡwei,pinche güey
panocha,es,panotʃa,panocha
maricón,es,maɾikon,fag
marica,es,maɾika,fag
perro,es,pero,dog
bombilla,es,bombiʝa,bulb
culo peludo,es,kulopeludo,hairy ass
que te jodan,es,ketexodan,fuck you
chapero,es,tʃapeɾo,hustler
huevon,es,uebon,huevon
madre,es,madɾe,mother
jack,es,xakk,jack
calójili,es,kaloxili,calójili
chingados,es,tʃinɡados,fuckers
tu hermano no tiene la ingle,es,tueɾmanonotjenelainɡle,your brother does not have a groin
me cago en dios,es,mekaɡoendjos,FUCK MY GOD
cojete mi suegra,es,koxetemisweɡɾa,fuck my mother-in-law
tocar los pelotas,es,tokaɾlospelotas,busting balls
burro,es,buro,donkey
albondigas,es,albondiɡas,meatballs
el ojete,es,eloxete,the eyelet
mayate,es,majate,mayate
pulla,es,puʝa,pulla
hijo de puta,es,ʝxodeputa,son of a bitch
bastardo,es,bastaɾdo,bastard
"vení, oleme la chucha",es,beniolemelatʃutʃa,"come on, smell my cock"
cuca,es,kuka,cuca
cagar,es,kaɡaɾ,shit
partido,es,paɾtido,party
chocho,es,tʃotʃo,pussy
mariposa,es,maɾiposa,butterfly
fleto,es,fleto,freight
fresa,es,fɾesa,strawberry
putus,es,putus,putus
pija,es,pixa,dick
rarito,es,ɾaɾito,rarito
imbécil,es,imbesil,imbecile
pelotas,es,pelotas,balls
chucha,es,tʃutʃa,chucha
cojones,es,koxones,cojones
homogay,es,omoɡai,homogay
que comemierderia,es,kekomemjeɾdeɾja,what a piece of shit
chucha de tu madre,es,tʃutʃadetumadɾe,motherfucker
way,es,wai,way
chupamela,es,tʃupamela,suck my dick
mamagüevazo,es,mamaɡwebaso,mamagüevazo
tienes ganas,es,tjenesɡanas,you feel like
idiota,es,idjota,idiot
