Word,Language,IPA,English Translation
prendere per il culo,it,prendere per il kulo,take the piss
a pecorina,it,a pekorina,doggy-style
baldracca,it,baldrakːa,whore
porca madonna,it,porka madonːa,holy mother of God
che due palle,it,ke due palːe,what a pair of balls
intro culo di mammata,it,intro kulo di mamːata,intro mama's ass
sembri un peni,it,sembri un peni,you look like a penis
che due coglioni,it,ke due koʎoni,what two assholes
pezzo di merda,it,pet͡so di merda,piece of shit
fica,it,fika,cunt
va’ a fare in culo,it,va’ a fare in kulo,go fuck yourself
puttanaio,it,putːanaio,whorehouse
tua mamma bocchinara,it,tua mamːa bokːinara,your mouthy mom
ma’ va te ne a fanculo,it,ma’ va te ne a fankulo,ma go fuck yourself
scoregge,it,ʃored͡ʒːe,farts
faccia a culo,it,fat͡ʃːa a kulo,assface
cazzo si,it,kat͡so si,fuck yeah
sfigati,it,sfiɡati,losers
ditalino,it,ditalino,fingering
inculare,it,inkulare,bugger
porco cane,it,porko kane,swine
stronzo,it,stronso,asshole
fare una sega,it,fare una seɡa,jerk off
va fangool,it,va fanɡool,va fangool
zoccole,it,sokːole,sluts
avere un culo così grande,it,avere un kulo kosi ɡrande,having such a big ass
vai a farti fottere,it,vai a farti fotːere,go fuck yourself
mignotte,it,miɲotːe,hookers
mangia merda,it,mand͡ʒa merda,eat shit
ce l’hai piccolo,it,t͡ʃe l’ai pikːolo,you have it small
mortacci tua,it,mortat͡ʃːi tua,goddamn you
mezza sega,it,met͡sa seɡa,half saw
coglioni,it,koʎoni,assholes
fatti una pugnetta,it,fatːi una puɲetːa,take a piss
bafangu chooch,it,bafanɡu kook,bafangu chooch
vai a cacare,it,vai a kakare,go shit
stronza,it,stronsa,bitch
coglione,it,koʎone,asshole
posso leccare il tua figa,it,posːo lekːare il tua fiɡa,I can lick your pussy
vai all’inferno,it,vai alː’inferno,go to hell
stronzi,it,stronsi,assholes
testa di minchia,it,testa di minkia,shithead
bocchino,it,bokːino,mouthpiece
manache,it,manake,manache
segarsi,it,seɡarsi,sawing off
culattone,it,kulatːone,fat ass
vaffanculo,it,vafːankulo,fuck you
andare a puttane,it,andare a putːane,whore oneself
culo,it,kulo,ass
sti cazza,it,sti kat͡sa,sti cazza
bacha ma culo,it,baka ma kulo,bacha ma ass
cacare,it,kakare,shit
essere un culo,it,esːere un kulo,be an ass
minchia,it,minkia,minchia
dio cane!,it,dio kane!,GOD DOG!
figa,it,fiɡa,pussy
sfigato,it,sfiɡato,loser
un pompino,it,un pompino,a blowjob
leccami il culo,it,lekːami il kulo,lick my ass
cacata,it,kakata,shit
troia,it,troia,slut
figlio di puttana,it,fiʎo di putːana,son of a bitch
porca vacca,it,porka vakːa,holy cow
pompini,it,pompini,blowjobs
leccaculo,it,lekːakulo,ass-licker
figlio di Troia,it,fiʎo di troia,son of Troy
gnocca,it,ɲokːa,pussy
latrin!,it,latrin!,latrin!
porca miseria ,it,porka miseria,holy crap
che ti morisse  la mamma,it,ke ti morisːe  la mamːa,That your mother would die
minchia!,it,minkia!,minchia!
sputtanare,it,sputːanare,fuck up
che due palle,it,ke due palːe,what a pair of balls
zuia,it,suia,zuia
frocio,it,frot͡ʃo,faggot
sborro,it,zborːo,holy fucking mother of christ
santo cazzo madre di cristo,it,santo kat͡so madre di kristo,cabbage
cavolo,it,kavolo,whore
mignotta,it,miɲotːa,swine
porco giuda,it,porko d͡ʒuda,piss off
vai a cagare,it,vai a kaɡare,bullshit
cazzata,it,kat͡sata,shit
merda,it,merda,darn
mannaggia,it,manːad͡ʒːa,blowjob
pompinara,it,pompinara,sluts
troie,it,troie,assholes
i coglioni,it,i koʎoni,fennel
finocchio,it,finokːio,shit
cagare,it,kaɡare,sburro
sburro,it,zburːo,minchiata
minchiata,it,minkiata,shit
smerdare,it,zmerdare,bitchiness
puttanata,it,putːanata,mona
mona,it,mona,fava
fava,it,fava,ir gut of tu ma
ir budello di tu ma’,it,ir budelːo di tu ma’,doggy-style
alla pecorina,it,alːa pekorina,ricchioni
ricchioni,it,rikːioni,pussies
fighe,it,fiɡe,lick my pussy
leccami la figa,it,lekːami la fiɡa,dick in the ass
cazzo in culo,it,kat͡so in kulo,what an ass
che culo,it,ke kulo,I'll run your ass
ti corro in culo,it,ti korːo in kulo,pump
pompinare,it,pompinare,go fuck yourself
va' a fare in culo,it,va' a fare in kulo,holy shit
porca puttana,it,porka putːana,to fanabla!
a fanabla!,it,a fanabla!,screw you
fottiti,it,fotːiti,baloney
baldracche,it,baldrakːe,minchione
minchione,it,minkione,ce un cibirut
ce un cibirut,it,t͡ʃe un t͡ʃibirut,to hell with it
al diavolo,it,al diavolo,curut!
curnut!,it,kurnut!,cuckold
cornuto,it,kornuto,for Christ's sake
 porco iddio,it,porko idːio,mouthpieces
bocchini,it,bokːini,That your mother would die
che ti morisse la madre,it,ke ti morisːe la madre,care to kick someone in the ass
care un calcio nel culo a qualcuno,it,kare un kalt͡ʃo nel kulo a kualkuno,ditalini
ditalini,it,ditalini,swine god
porco dio,it,porko dio,fart
scoreggia,it,ʃored͡ʒːa,mone
mone,it,mone,darn
accidenti,it,at͡ʃːidenti,kick someone's ass
rompere il culo a qualcuno,it,rompere il kulo a kualkuno,Spanish
spagnola,it,spaɲola,Get the fuck out of here.
vattela a pijà 'n der culo,it,vatːela a pija 'n der kulo,fennel
finocchi,it,finokːi,have a face like an ass
avere la faccia come il culo,it,avere la fat͡ʃːa kome il kulo,sfacim and shits
sfacim e merde,it,sfat͡ʃim e merde,pig
maiala,it,maiala,holy crap
porca miseria,it,porka miseria,shitter
cagacazzo,it,kaɡakat͡so,wanker
segaiolo,it,seɡaiolo,cuckolds
cornuti,it,kornuti,pumping
pompinaro,it,pompinaro,slut
zoccola,it,sokːola,broken in the ass
rotto nel culo,it,rotːo nel kulo,minchie
minchie,it,minkie,asses
culi,it,kuli,get pissed off
incazzarsi,it,inkat͡sarsi,fuck
fottere,it,fotːere,fongoul
fongoul,it,fonɡoul,jinx
sfiga,it,sfiɡa,dicking around
cazzeggiare,it,kat͡sed͡ʒːare,kangaroo god
dio cangurello,it,dio kanɡurelːo,go sell your ass
vai a vendere il culo,it,vai a vendere il kulo,what the fuck
che cazzo,it,ke kat͡so,eat shit and death
mangia merde e morte,it,mand͡ʒa merde e morte,mimbominkia
mimbominkia,it,mimbominkia,Geez!
accidenti!,it,at͡ʃːidenti!,fuck
scopare,it,ʃopare,"go fuck yourself, bitch!"
"vai a farti fottere, puttana!",it,"vai a farti fotːere, putːana!",I will kill you
ti ammazzo,it,ti amːat͡so,crap
cagata,it,kaɡata,fag
ricchione,it,rikːione,bastard
bastardo,it,bastardo,saws
seghe,it,seɡe,whore
puttana,it,putːana,go give your ass away
vai a dar via il culo,it,vai a dar via il kulo,fucking Mother of God
cazzo Madre di dio,it,kat͡so madre di dio,blowjob
pompino,it,pompino,cum
sborra,it,zborːa,you piece of shit!
tu piezza di merda!,it,tu piet͡sa di merda!,son a dog
figlio un cane,it,fiʎo un kane,big wretch
gran’ disgraziato,it,ɡran’ disɡrasiato,going to whores:
andare a puttane:,it,andare a putːane:,whoremonger
puttaniere,it,putːaniere,mafankulo
mafankulo,it,mafankulo,holy shit
porca troia,it,porka troia,dicks
cazzi,it,kat͡si,holy crap
porca eva,it,porka eva,that they can kill you!
che te pozzino ammazza!,it,ke te pot͡sino amːat͡sa!,sbora
sbora,it,zbora,shithead
testa di cazzo,it,testa di kat͡so,jerk
cretino,it,kretino,that sucks
che palle,it,ke palːe,bastards
bastardi,it,bastardi,rottinculo
rottinculo,it,rotːinkulo,GOD.
dio santo!,it,dio santo!,tallow
segone,it,seɡone,saw
sega,it,seɡa,cum
sborrare,it,zborːare,fuck
cazzo,it,kat͡so,chicks
gnocche,it,ɲokːe,dang you
mannaggia tua,it,manːad͡ʒːa tua,no one unfungulo me
nessuno mi unfungulo,it,nesːuno mi unfunɡulo,fucking shit
cazzo di merda,it,kat͡so di merda,Dickhead
Testa di minchia,it,testa di minkia,chip
fiche,it,fike,you ma pees standing up
tu ma’ piscia in piedi,it,tu ma’ pist͡ʃa in piedi,ugly son of a bitch bastard
brutto figlio di puttana bastardo,it,brutːo fiʎo di putːana bastardo,faggots
froci,it,frot͡ʃi,whores
آب کیر,fa,ɒb kjr,water.
آشغال,fa,ɒʃɣɒl,rubbish.
آلت تناسلی,fa,ɒlt tnɒslj,penis.
آلت,fa,ɒlt,The penis.
ابله,fa,ɒblh,Stupid idiot.
ابن یزید,fa,ɒbn jzjd,The son of Aaron.
احمق,fa,ɒhmɣ,Stupid fool.
اسب,fa,ɒsb,Horse horse.
اسبی,fa,ɒsbj,Horse.
اسکل,fa,ɒskl,Sacks.
اسکل,fa,ɒskl,Sacks.
اسگل,fa,ɒsɡl,Siggles.
اسگول,fa,ɒsɡvl,Gog.
الاغ,fa,ɒlɒɣ,The donkey.
الاق,fa,ɒlɒɣ,of the right.
انگل,fa,ɒŋl,parasite.
انی,fa,ɒnj,O you.
انی,fa,ɒnj,O you.
اوسکل,fa,ɒvskl,The Sword.
اوسکل,fa,ɒvskl,The Sword.
اوسگل,fa,ɒvsɡl,O'Sel.
اوصکل,fa,ɒvskl,The whole thing.
اوصگل,fa,ɒvsɡl,Or by the name.
ب ک,fa,b k,b.
باسن,fa,bɒsn,hips.
بخورش,fa,bxvrʃ,Eat it.
بدبخت,fa,bdbxt,miserable.
بمال,fa,bmɒl,by the
تخمم,fa,txmm,My egg.
کیرم,fa,kjrm,I'm old.
بپرروش,fa,bپrrvʃ,So they jump.
بپرسرش,fa,bپrsrʃ,Ask them.
کونی,fa,kvnj,Consie.
بکارت,fa,bkɒrt,Use of you.
بکن توش,fa,bkn tvʃ,Do it in there.
بکنش,fa,bknʃ,Do it.
بکنمت,fa,bknmt,I will do it.
خایه,fa,xɒjh,And complain.
بی عفت,fa,bj ʔft,And it's amazing.
بی غیرت,fa,bj ɣjrt,"No, no."
بی ناموس,fa,bj nɒmvs,The nameless.
بی پدر,fa,bj پdr,Fatherless Father.
بیابخورش,fa,bjɒbxvrʃ,And it is unsounded.
بیشعور,fa,bjʃʔvr,Too much.
بیناموس,fa,bjnɒmvs,Between the words.
تخم سگ,fa,txm sɡ,Dog eggs.
تخمی,fa,txmj,Eggs.
ترک,fa,trk,leave.
توله سگ,fa,tvlh sɡ,puppy.
جاکش,fa,d͡ʒɒkʃ,They are hiding.
جلق زدن,fa,d͡ʒlɣ zdn,They complain.
جنده,fa,d͡ʒndh,A bitch.
جنسی,fa,d͡ʒnsj,Sexual sex.
جوون,fa,d͡ʒvvn,Young young.
جکس,fa,d͡ʒks,Jack.
جیندا,fa,d͡ʒjndɒ,Janeda.
حرومزاده,fa,hrvmzɒdh,bastard.
حشر,fa,hʃr,They made it.
حشری شدن,fa,hʃrj ʃdn,They made it.
حشری,fa,hʃrj,And they voted.
حیوانی,fa,hjvɒnj,Animal animal
خارکس ده,fa,xɒrks dh,The Tens.
خارکسده,fa,xɒrksdh,And the shit.
خارکسّه,fa,xɒrksّh,The shit.
خانم جنده,fa,xɒnm d͡ʒndh,Mrs. bitch.
خایه خور,fa,xɒjh xvr,and complain.
خایه مال,fa,xɒjh mɒl,They complain.
خایه,fa,xɒjh,And complain.
خر,fa,xr,Stupid shit.
خرفت,fa,xrft,Buy it.
خری,fa,xrj,The donkey.
خز,fa,xz,fur.
خفه خون,fa,xfh xvn,Shutting blood.
خفه شو,fa,xfh ʃv,Shut up.
خواهرجنده,fa,xvɒhrd͡ʒndh,Sister.
خی کاس,fa,xj kɒs,The Cass.
داف ناز,fa,dɒf nɒz,Duffice.
داف,fa,dɒf,Duff.
داگ استایل,fa,dɒɡ ɒstɒjl,Dog style.
دخترجنده,fa,dxtrd͡ʒndh,The girl.
دخترقرتی,fa,dxtrɣrtj,The girl.
درازگوش,fa,drɒzɡvʃ,The long tail.
دله,fa,dlh,The heart.
دهن سرویس,fa,dhn srvjs,Mouth service.
گاییده,fa,ɡɒjjdh,Gay.
دهنت سرویس,fa,dhnt srvjs,Mouth service.
دوجنسه,fa,dvd͡ʒnsh,Two sexes.
دول,fa,dvl,The two.
دیوث,fa,djvs,Ditmouth.
دیوس خان,fa,djvs xɒn,Dius Khan
دیوس,fa,djvs,Dius
دیوص,fa,djvs,Dave.
رشتی,fa,rʃtj, رشت
ریدن,fa,rjdn,Reed.
ریدی,fa,rjdj,Reed.
زارت,fa,zɒrt,You are hungry.
زباله,fa,zbɒlh,waste.
زرنزن,fa,zrnzn,The Magician.
زن جنده,fa,zn d͡ʒndh,A bitch.
زن کاسده,fa,zn kɒsdh,Mrs. Cass.
زنا زاده,fa,znɒ zɒdh,Marriages.
زنا,fa,znɒ,adultery.
زنازاده,fa,znɒzɒdh,Marriage of the bastard.
زنتو,fa,zntv,The woman.
زنشو,fa,znʃv,The woman.
زنیکه,fa,znjkh,The woman.
سادیسمی,fa,sɒdjsmj,sadism.
ساک,fa,sɒk,The bag.
ساکونی,fa,sɒkvnj,Sakoni.
سرخور,fa,srxvr,So tired.
سرکیر,fa,srkjr,Sir.
سسکی,fa,sskj,Saskisky.
سوراخ کون,fa,svrɒx kvn,as a hole.
سوراخ کون,fa,svrɒx kvn,as a hole.
سولاخ,fa,svlɒx,Socher.
سکس چت,fa,sks t͡ʃt,Sex chat.
سکس,fa,sks,Sex sex.
سکسی باش,fa,sksj bɒʃ,Be sexy.
سکسی,fa,sksj,Sexy.
سکسیم,fa,sksjm,Sex.
سکسیی,fa,sksjj,Sexy.
سگ تو روحت,fa,sɡ tv rvht,Your dog is your soul.
سگ دهن,fa,sɡ dhn,Dog.
سگ صفت,fa,sɡ sft,Dog's word.
سگ پدر,fa,sɡ پdr,Father's Dog.
سگی,fa,sɡj,Dog.
سیکتیر,fa,sjktjr,Cookies.
شاسگول,fa,ʃɒsɡvl,Shayle.
شاش,fa,ʃɒʃ,She's Shaw.
شق کردن,fa,ʃɣ krdn,Disarray.
شل مغز,fa,ʃl mɣz,Shell brain.
شنگول,fa,ʃŋvl,sandy.
شهوتی,fa,ʃhvtj,Lovely lust.
صیغه ای,fa,sjɣh ɒj,And you have an excuse.
صیک,fa,sjk,A p.
عرب,fa,ʔrb,Arab Arabs
عرق خور,fa,ʔrɣ xvr,sweaty.
عمتو,fa,ʔmtv,My uncle.
عمه ننه,fa,ʔmh nnh,No aunt.
عن تر,fa,ʔn tr,more i.e.
عن,fa,ʔn,i.e.
عنتر,fa,ʔntr,More than the
عوضی,fa,ʔvzj,The bastard.
غرمساق,fa,ɣrmsɒɣ,Fuck the shit.
غرمصاق,fa,ɣrmsɒɣ,They complain.
فاحشه خانم,fa,fɒhʃh xɒnm,Mrs. prostitute.
فاحشه,fa,fɒhʃh,prostitute.
فارس,fa,fɒrs,Persian Gulf.
فاک فیس,fa,fɒk fjs,Facebook's word.
فیلم سوپر,fa,fjlm svپr,Super film.
قرتی,fa,ɣrtj, قر
قرمساق,fa,ɣrmsɒɣ, قر
قرمصاق,fa,ɣrmsɒɣ, قر
قس,fa,ɣs, ق
لا پا,fa,lɒ پɒ,La feet.
لاس,fa,lɒs,Las Vegas
لاش گوشت,fa,lɒʃ ɡvʃt,The meat.
لاشی,fa,lɒʃj,Lashi.
لاکونی,fa,lɒkvnj,The Lockheed
لجن,fa,ld͡ʒn,And the seed.
لخت,fa,lxt,naked naked naked.
لختی,fa,lxtj,naked.
لر,fa,lr,Jack.
لز,fa,lz,Les.
مادر جنده,fa,mɒdr d͡ʒndh,The bastard mother.
مادرجنده,fa,mɒdrd͡ʒndh,The mother.
مادرسگ,fa,mɒdrsɡ,Mother Dog.
مادرقهوه,fa,mɒdrɣhvh,Coffee mother.
مادرکونی,fa,mɒdrkvnj,Mother of Kui.
مالوندن,fa,mɒlvndn,Malmond.
ماچ کردنی,fa,mɒt͡ʃ krdnj,Make me laugh.
مرتیکه,fa,mrtjkh,And the
مردیکه,fa,mrdjkh,A man who
مرض داری,fa,mrz dɒrj,You have a disease.
مرضداری,fa,mrzdɒrj,Sickness.
مشروب,fa,mʃrvb,Drink alcohol.
ملنگ,fa,mlŋ,Melang.
ممه خور,fa,mmh xvr,I'm sorry.
ممه,fa,mmh,I am sorry.
منگل,fa,mŋl,Menge.
میخوریش,fa,mjxvrjʃ,You eat it.
نرکده,fa,nrkdh,Not a horse.
نعشه,fa,nʔʃh,They did not.
نکبت,fa,nkbt,Bad shit.
نگاییدم,fa,ŋɒjjdm,Look at me.
هیز,fa,hjz,Hey hey hey.
ولدزنا,fa,vldznɒ,Volsina.
پدر سوخته,fa,پdr svxth,Father burned.
پدر سگ,fa,پdr sɡ,Father of Dog.
پدر صلواتی,fa,پdr slvɒtj,Father of prayer.
پدرسگ,fa,پdrsɡ,Father Dog.
پریود,fa,پrjvd,A period of time.
پستان,fa,پstɒn,breast breast breast breast.
پسون,fa,پsvn,And then he was.
پشمام,fa,پʃmɒm,I am tired.
پفیوز,fa,پfjvz,Suffice.
پلشت,fa,پlʃt,Paul.
پورن,fa,پvrn,porn porn.
پپه,fa,پپh,Pepe.
چاغال,fa,t͡ʃɒɣɒl,The fuck.
چاقال,fa,t͡ʃɒɣɒl,Fatal fat.
چس خور,fa,t͡ʃs xvr,The bite.
چس,fa,t͡ʃs,Chas.
کاسکش,fa,kɒskʃ,Cass.
کث لیس,fa,ks ljs,The lick.
کث,fa,ks,The KTH.
کثافت,fa,ksɒft,Stupid shit.
کثافط,fa,ksɒft,Contribute.
کردن,fa,krdn,Making it.
کردنی,fa,krdnj,Kennedy.
کرم,fa,krm,The worm.
کس خل,fa,ks xl,Who is wrong.
کس خور,fa,ks xvr,Who's eating.
کس خیس,fa,ks xjs,Someone wet.
کس دادن,fa,ks dɒdn,Giving someone.
کس لیس,fa,ks ljs,Who is Lisa.
کس لیسیدن,fa,ks ljsjdn,Someone is licking.
کس ننت,fa,ks nnt,Nobody.
کس و کیر,fa,ks v kjr,Who and Kir
کس کردن,fa,ks krdn,Kill someone.
کس کش,fa,ks kʃ,Who's holding.
کس,fa,ks,Someone.
کسخل,fa,ksxl,And who is wrong.
کسشعر,fa,ksʃʔr,Who's Poetry.
کسکش,fa,kskʃ,And the one who knows.
کسکیر,fa,kskjr,Who is Freder.
کص خل,fa,ks xl,The shit.
کص لیس,fa,ks ljs,lick.
کص,fa,ks,C.
کصافت,fa,ksɒft,You are right.
کصافط,fa,ksɒft,And the right thing.
کصخل,fa,ksxl,The Magician.
کصکش,fa,kskʃ,They are the receiver.
کلفت,fa,klft,thick.
کله کیری,fa,klh kjrj,The head of Kiri.
کوث لیس,fa,kvs ljs,Colosse.
کوس خل,fa,kvs xl,The shit.
کوس خور,fa,kvs xvr,I'm sorry.
کوس لیس,fa,kvs ljs,The slick.
کوس,fa,kvs,ko.
کوص خل,fa,kvs xl,The shit.
کوص لیس,fa,kvs ljs,The lick.
کوص,fa,kvs,Coke.
کون تپل,fa,kvn tپl,As T.
کون ده,fa,kvn dh,Number ten.
کون سوراخ,fa,kvn svrɒx,The hole.
کون پنیر,fa,kvn پnjr,The cheese.
کون گنده,fa,kvn ɡndh,Big as.
کون,fa,kvn,Conta.
کونده خار,fa,kvndh xɒr,And the shit.
کونده خوار,fa,kvndh xvɒr,They are hungry.
کونده,fa,kvndh,Fuck the cat.
کونشو,fa,kvnʃv,Asshu.
کونی,fa,kvnj,Consie.
کونی,fa,kvnj,Consie.
کیر,fa,kjr,Kir.
کیردراز,fa,kjrdrɒz,Cinders.
کیردوس,fa,kjrdvs,Kird.
کیرر,fa,kjrr,Kerr.
کیرمکیدن,fa,kjrmkjdn,Cookie.
کیرناز,fa,kjrnɒz,Keren.
کیروکس,fa,kjrvks,Kirox
کیروکس,fa,kjrvks,Kirox
کیری,fa,kjrj,Cir.
گاو,fa,ɡɒv,Cow cows.
گاوی,fa,ɡɒvj,Cow.
گاگول,fa,ɡɒɡvl,Gogol.
گایدن,fa,ɡɒjdn,Gasting.
گایدی,fa,ɡɒjdj,Guyy.
گاییدن,fa,ɡɒjjdn,Gaye.
گردن دراز,fa,ɡrdn drɒz,The long neck.
گشاد,fa,ɡʃɒd,and wide.
گوز,fa,ɡvz,Goes.
گوزو,fa,ɡvzv,Gozo.
گوسفند,fa,ɡvsfnd,sheep.
گوش دراز,fa,ɡvʃ drɒz,Long ears.
گوه,fa,ɡvh,Go.
گوه,fa,ɡvh,Go.
گی زن,fa,ɡj zn,Gay woman.
گیخوار,fa,ɡjxvɒr,Gayty.
یبن زنا,fa,jbn znɒ,Marriage of adultery.
مادرتو,fa,mɒdrtv,Mother.
ناموستو,fa,nɒmvstv,Names.
چنده,fa,t͡ʃndh,A few.
باسنی,fa,bɒsnj,The hip.
سیکیم,fa,sjkjm,Skem.
سگ ناموس,fa,sɡ nɒmvs,Dog named
نوب,fa,nvb,"No, no."
خایمال,fa,xɒjmɒl,خای
مادر به خطا,fa,mɒdr bh xtɒ,Mother to error.
کصلیس,fa,ksljs,The Cross.
بکنت,fa,bknt,Do you do it.
کصده,fa,ksdh,Kundice.
گورومساخ,fa,ɡvrvmsɒx,Goremunda.
پوفیوز,fa,پvfjvz,Puffice.
پدرتو,fa,پdrtv,Father.
قورومساق,fa,ɣvrvmsɒɣ,The chorus.
سیهدیر,fa,sjhdjr,The CALLER.
اوبی,fa,ɒvbj,Oh Abby.
مادر سگ,fa,mɒdr sɡ,Mother of Dog.
نگایدم,fa,ŋɒjdm,Look at me.
блядина,ru,blʲadʲina,whore
закрой рот,ru,zakroj rot,shut your mouth
чушка,ru,t͡ɕʲuʂka,stuffed animal
куни,ru,kuni,cunny
жидоёбское,ru,ʒidoobskoe,Jew
тварь,ru,tvarʲ,creature
мымра,ru,mɨmra,mummy
пасть забей,ru,pastʲ zabʲej,shut your mouth.
еврей,ru,jevrʲej,Jew
падла ебаная,ru,padla ebanaa,fucking asshole
выблядок,ru,vɨblʲadok,scumbag
алкоголик,ru,alkoɡolʲik,alcoholic
гандон штопаный,ru,ɡandon ʂtopanɨj,douche bag
зануда,ru,zanuda,nerd
пендосия,ru,pʲendosʲia,pandosia
сука,ru,suka,bitch
пидор,ru,pʲidor,faggot
страхоёбище,ru,straxoobʲiɕːe,motherfucker
срака,ru,sraka,asshole
бомж,ru,bomʒ,bum
радужный мальчик,ru,raduʒnɨj malʲt͡ɕʲik,rainbow boy
стоячек,ru,stoat͡ɕʲek,riser
взбляд,ru,vzblʲad,prying
а хули,ru,a xulʲi,what the fuck
святоша,ru,svʲatoʂa,saint
ёбаный стос,ru,jobanɨj stos,fucking stos
алень,ru,alʲenʲ,stag
пиздоблошка,ru,pʲizdobloʂka,cunt
хуедин,ru,xuedʲin,Huedin
нихуя,ru,nixua,fuck
голуби,ru,ɡolubʲi,pigeons
пришью,ru,prʲiʂu,sew
гнойный,ru,ɡnojnɨj,purulent
блядский,ru,blʲadskʲij,fucking
наебнуться,ru,naebnutʲsʲa,fuck up
мухосоранск,ru,muxosoransk,mukhosoransk
елдак,ru,jeldak,dick
наеб,ru,naeb,fuck
хуеман,ru,xueman,hueman
хуйня,ru,xujna,bullshit
доебались,ru,doebalʲisʲ,fucked up
выебон,ru,vɨebon,fuck
хуле,ru,xulʲe,hoole
змея,ru,zmʲea,snake
волосня,ru,volosna,hair
чучмен,ru,t͡ɕʲut͡ɕʲmʲen,choochman
на хуя,ru,na xua,for fuck's sake
обламаться,ru,oblamatʲsʲa,screw up
мерхавеч,ru,mʲerxavʲet͡ɕʲ,merhavec
барыга,ru,barɨɡa,bargainer
дерьмоед,ru,dʲerʲmoed,turd
ебанулось,ru,jebanulosʲ,fucked up
дупло,ru,duplo,hollow
присунуть,ru,prʲisunutʲ,poke
ахуел,ru,axuel,fuck
блядское,ru,blʲadskoe,fucking
настреляли по пиздюлятору,ru,nastrʲelʲalʲi po pʲizdʲulʲatoru,shot the pussy.
ебанько,ru,jebanʲko,fucker
манья,ru,mana,mania
спиздить,ru,spʲizdʲitʲ,snatch
ебанула,ru,jebanula,fucked
выблядовал,ru,vɨblʲadoval,ogled
скотоёб,ru,skotoob,cattle eater
обосцать,ru,obost͡satʲ,shit
однохуйственно,ru,odnoxujstvʲenno,fucked
менты,ru,mʲentɨ,mentors
наебнулась,ru,naebnulasʲ,fucked up
ёбнул,ru,jobnul,fucked
стоячок,ru,stoat͡ɕʲok,riser
блядская,ru,blʲadskaa,fucking
распиздошила,ru,raspʲizdoʂila,fucked up
блядство,ru,blʲadstvo,fucking
шоха,ru,ʂoxa,shoja
жидоёбский,ru,ʒidoobskʲij,Jew
прихуел,ru,prʲixuel,fucked up
деревня,ru,dʲerʲevna,village
дурак,ru,durak,fool
сволочь,ru,svolot͡ɕʲ,bastard
писька,ru,pʲisʲka,pussy
молокосос,ru,molokosos,sucker
злоебучий,ru,zloebut͡ɕʲij,wicked
опездол,ru,opʲezdol,opezdol
радужный,ru,raduʒnɨj,rainbow
дрянь,ru,drʲanʲ,crap
пошел нахуй,ru,poʂel naxuj,Fuck you.
еблище,ru,jeblʲiɕːe,fuck
лось,ru,losʲ,moose
сексист,ru,sʲeksʲist,sexist
ебальный станок,ru,jebalʲnɨj stanok,fucking machine
свинтус,ru,svʲintus,pig
рак мозга,ru,rak mozɡa,brain cancer
жидоёбка,ru,ʒidoobka,Jew fucker
дать пизды,ru,datʲ pʲizdɨ,pussyfoot
многопиздная,ru,mnoɡopʲizdnaa,multifucked
трахнуть,ru,traxnutʲ,fuck
пиздовладелец,ru,pʲizdovladʲelʲet͡s,cunt owner
ебля,ru,jeblʲa,fucking
иди к черту,ru,idʲi k t͡ɕʲertu,go to hell.
нахуй,ru,naxuj,fuck
распиздяй,ru,raspʲizdʲaj,asshole
малолетка,ru,malolʲetka,juvenile
голубятня,ru,ɡolubʲatna,dovecote
змея подколодная,ru,zmʲea podkolodnaa,pit snake
очко,ru,ot͡ɕʲko,point
передернуть,ru,pʲerʲedʲernutʲ,twitch
блядемудиный пиздопроёб,ru,blʲadʲemudʲinɨj pʲizdoproob,fucking cunt fucker.
присунул,ru,prʲisunul,poked
казел,ru,kazʲel,asshole
импотент,ru,impotʲent,impotent
навешать пиздюлей,ru,navʲeʂatʲ pʲizdʲulʲej,pussyfoot around
мне до лампочки,ru,mne do lampot͡ɕʲkʲi,I don't care.
хули,ru,xulʲi,fuck
остоебать,ru,ostoebatʲ,fuck off
сукин сын,ru,sukʲin sɨn,son of a bitch
пососи мои яйца,ru,pososʲi moi ajt͡sa,Suck my balls.
писюн,ru,pʲisʲun,dick
хуй на тебя,ru,xuj na tʲebʲa,fuck you.
хохол,ru,xoxol,khohol
без пизды,ru,bʲez pʲizdɨ,without the pussy.
мудозвод,ru,mudozvod,husbandry
как ёб твою мать,ru,kak ob tvou matʲ,like a motherfucker.
член,ru,t͡ɕʲlʲen,dick
под юбкой,ru,pod ubkoj,under the skirt
хуйло,ru,xujlo,dickhead
жополиз,ru,ʒopolʲiz,asshole
подонок,ru,podonok,scumbag
наёб,ru,naob,fuck
говно,ru,ɡovno,shit
путана,ru,putana,slut
заебала,ru,zaebala,fucked up
допизды,ru,dopʲizdɨ,fuck it
елда,ru,jelda,faggot
дерево,ru,dʲerʲevo,wood
проститутка,ru,prostʲitutka,prostitute
еб тебя,ru,jeb tʲebʲa,fuck you
отъебись,ru,otʲjebʲisʲ,fuck off
гнида,ru,ɡnida,rot
хитровыебанный,ru,xʲitrovɨebannɨj,dodgy
козел,ru,kozʲel,goat
залупа,ru,zalupa,asshole
еб,ru,jeb,eb
облом,ru,oblom,bummer
не пудри мозги,ru,ne pudrʲi mozɡi,don't mess with me.
вьебал,ru,vʲebal,fucked
"вдруг, откуда ни возьмись, появился в рот ебись",ru,"vdruɡ, otkuda ni vozʲmʲisʲ, poavʲilsʲa v rot ebʲisʲ","all of a sudden, out of nowhere, there's a fuck you"
изъебнулся,ru,izʲjebnulsʲa,fucked up
ебни,ru,jebni,ebony
жопа,ru,ʒopa,asshole
руки из жопы,ru,rukʲi iz ʒopɨ,hands out of ass
выебнуться,ru,vɨebnutʲsʲa,fuck off
мудила,ru,mudʲila,asshole
пиздобратия,ru,pʲizdobratʲia,cuntocracy
гобиться,ru,ɡobʲitʲsʲa,hobble
педик,ru,pʲedʲik,faggot
дура,ru,dura,fool
бадяжить,ru,badʲaʒitʲ,potion
деревеньщина,ru,dʲerʲevʲenʲɕːina,hillbilly
наблядовал,ru,nablʲadoval,gawked
голубой,ru,ɡoluboj,blue
распиздяйка,ru,raspʲizdʲajka,cunt
капрофил,ru,kaprofʲil,caprofil
доебалась,ru,doebalasʲ,fucked up
ёбкость,ru,jobkostʲ,yobbishness
страть тебе в рот,ru,stratʲ tʲebʲe v rot,Fuck you in the mouth.
опиздоумел,ru,opʲizdoumʲel,asshole
хитровыебанная,ru,xʲitrovɨebannaa,dodgy
говнюк,ru,ɡovnuk,asshole
засранец,ru,zasranet͡s,asshole
дерьмо,ru,dʲerʲmo,crap
осёд,ru,osʲod,sedge
заёб,ru,zaob,fuck
целкa,ru,t͡selka,virgin
еблан,ru,jeblan,fucker
ебанёшься,ru,jebanoʂʲːsʲa,fuck off
ебанулся,ru,jebanulsʲa,fucked up
гей,ru,ɡej,gay
дерьмохеропиздократ,ru,dʲerʲmoxʲeropʲizdokrat,shithead cocksucker
шлюха,ru,ʂlʲuxa,whore
кнь педальный,ru,knʲ pʲedalʲnɨj,pedal knee
пиздец,ru,pʲizdʲet͡s,fuck
удавись,ru,udavʲisʲ,blow yourself
развалюха,ru,razvalʲuxa,wreck
шут,ru,ʂut,buffoon
нахуярить,ru,naxuarʲitʲ,fuck up
ебашит,ru,jebaʂit,fucks
прыщавый,ru,prɨɕːavɨj,pimply
крыша поехала,ru,krɨʂa poexala,crazy
у меня стоит,ru,u mʲena stoit,I have
выёбывается,ru,vɨobɨvaetsʲa,fucking around
яйца,ru,jajt͡sa,eggs
слоняра,ru,slonara,elephant
обламатся,ru,oblamatsʲa,screw up
хер,ru,xʲer,dick
какого черта,ru,kakoɡo t͡ɕʲerta,what the hell
феменистка,ru,fʲemʲenistka,feminist
заебал,ru,zaebal,fucked up
ебланка,ru,jeblanka,fucker
крыса,ru,krɨsa,rat
 да пошел тыпошел ты,ru,da poʂel tɨpoʂel tɨ,Fuck you. Fuck you.
фалос,ru,falos,phalos
фапать,ru,fapatʲ,fap
черт возми,ru,t͡ɕʲert vozmʲi,damn it
гнусный,ru,ɡnusnɨj,vile
машонка,ru,maʂonka,mashonka
пидоростия,ru,pʲidorostʲia,faggotry
трахаться,ru,traxatʲsʲa,fuck
пофапать,ru,pofapatʲ,fan out
ебальник разинул,ru,jebalʲnik razʲinul,fucked up
пиздрик,ru,pʲizdrʲik,cunt
дуплоящер,ru,duploaɕːer,duplicator
вжопу,ru,vʒopu,asshole
я тебя в рот ебал,ru,ja tʲebʲa v rot ebal,I fucked you in the mouth.
сцать,ru,st͡satʲ,piss
подъёбки,ru,podʲjobkʲi,jokes
ебаная сука,ru,jebanaa suka,fucking bitch
объебала,ru,obʲjebala,pissed off
яйчелы,ru,jajt͡ɕʲelɨ,ovules
наебали,ru,naebalʲi,fucked up
хуй тебе в жопу,ru,xuj tʲebʲe v ʒopu,dick up your ass.
ты дегенерат,ru,tɨ dʲeɡenerat,you degenerate.
объебал,ru,obʲjebal,fucked up
заебёшь мёртвого,ru,zaebʲoʂʲː mʲortvoɡo,fuck a dead man.
косяк,ru,kosʲak,joint
хуелес,ru,xuelʲes,hueless
баба,ru,baba,baba
кощей,ru,koɕːej,catfish
осел,ru,osʲel,donkey
наебнулся,ru,naebnulsʲa,fucked up
 пососи ми яйчелы,ru,pososʲi mʲi ajt͡ɕʲelɨ,Suck my balls.
болван,ru,bolvan,moron
черножепый,ru,t͡ɕʲernoʒepɨj,nigger
еб твою мать,ru,jeb tvou matʲ,Fucking hell.
овца,ru,ovt͡sa,sheep
нахуяриться,ru,naxuarʲitʲsʲa,fuck up
остоебал,ru,ostoebal,fucked up
пиздецкое,ru,pʲizdʲet͡skoe,fucked
ёбаная сука,ru,jobanaa suka,fucking bitch
отсоси потом проси,ru,otsosʲi potom prosʲi,"Blow me, then ask me."
как мухи на говно,ru,kak muxʲi na ɡovno,like flies on shit
коза,ru,koza,goat
одень,ru,odʲenʲ,put on
феменизм,ru,fʲemʲenizm,feminism
алкаш,ru,alkaʂ,alkie
пизда,ru,pʲizda,cunt
пондостания,ru,pondostania,ponditions
уебался,ru,uebalsʲa,fucked up
хесосо,ru,xʲesoso,jesoso
маза факер,ru,maza fakʲer,maza faker
пасть,ru,pastʲ,mouth
опущеный,ru,opuɕːenɨj,omitted
деревянный,ru,dʲerʲevʲannɨj,wooden
ебанул,ru,jebanul,fucked
ахуй,ru,axuj,fuck
блядь,ru,blʲadʲ,fuck
чурка,ru,t͡ɕʲurka,chump
пиздодушие,ru,pʲizdoduʂie,cuntishness
объебали,ru,obʲjebalʲi,fucked up
пердун старый,ru,pʲerdun starɨj,old fart
пьянь,ru,pʲanʲ,drunk
пиздецкий,ru,pʲizdʲet͡skʲij,fucked
пиздопляска,ru,pʲizdoplʲaska,cunt dance
глупизди,ru,ɡlupʲizdʲi,stupid
оберблядь,ru,obʲerblʲadʲ,cunt
соси писос,ru,sosʲi pʲisos,Suck a pussy.
ёб,ru,job,yob
спиздила,ru,spʲizdʲila,snatched
оскотоёбился,ru,oskotoobʲilsʲa,fucked up
хуевина,ru,xuevʲina,cocksucker
блядистость,ru,blʲadʲistostʲ,whoredom
пендос,ru,pʲendos,pendo
пиздабол,ru,pʲizdabol,cunt
козлоёбина,ru,kozloobʲina,goat fucker
изъебнуться,ru,izʲjebnutʲsʲa,fuck up
лох,ru,lox,sucker
трах,ru,trax,fuck
убью,ru,ubʲu,kill
мамку,ru,mamku,mom
соси хуй,ru,sosʲi xuj,suck a dick
ленивая жопа,ru,lʲenivaa ʒopa,lazy ass
подпиздывает,ru,podpʲizdɨvaet,pussyfooting
кресты,ru,krʲestɨ,crosses
некрофил,ru,nekrofʲil,necrophiliac
пендостан,ru,pʲendostan,Pendostan
мудачье,ru,mudat͡ɕʲe,asshole
мудак,ru,mudak,asshole
скотоёбина,ru,skotoobʲina,bastard
нигретов,ru,niɡrʲetov,nigretovs
нет яиц,ru,net ait͡s,no eggs
жидоёбские,ru,ʒidoobskʲie,Jew fuckers
забить хуй,ru,zabʲitʲ xuj,fuck off
насрать,ru,nasratʲ,give a shit
свинья,ru,svʲina,pig
стояк,ru,stoak,riser
убъю,ru,ubʲju,kill
дувушка по вызову,ru,duvuʂka po vɨzovu,call girl
ботаник,ru,botanik,botanist
разъебали,ru,razʲjebalʲi,fucked up
спиздил,ru,spʲizdʲil,snatched
козлоёб,ru,kozloob,asshole
бурда,ru,burda,bourda
наркоту,ru,narkotu,dope
хуй на нее,ru,xuj na nee,fuck her
член тебе в рот,ru,t͡ɕʲlʲen tʲebʲe v rot,dick in your mouth
рак,ru,rak,cancer
бля,ru,blʲa,fuck
сосать,ru,sosatʲ,suck
завали ебало,ru,zavalʲi ebalo,shut the fuck up
писос,ru,pʲisos,scribe
промежность,ru,promʲeʒnostʲ,perineum
соска,ru,soska,pacifier
хуй тебе,ru,xuj tʲebʲe,fuck you
пиздоёбищность,ru,pʲizdoobʲiɕːnostʲ,cuntishness
обосцыш,ru,obost͡sɨʂ,shit
ебало,ru,jebalo,fuckface
дрянной,ru,drʲannoj,trashy
да хуй его не возьмёт,ru,da xuj eɡo ne vozʲmʲot,the fuck he won't take it.
сосунок,ru,sosunok,sucker
заебать,ru,zaebatʲ,fuck up
падла,ru,padla,asshole
бляхомудия,ru,blʲaxomudʲia,blachomudia
завали рот,ru,zavalʲi rot,shut your mouth
уебалась,ru,uebalasʲ,fucked
подзалупный,ru,podzalupnɨj,subalarial
мондавошки,ru,mondavoʂkʲi,mondavos
в жопу,ru,v ʒopu,up my ass
шестерка,ru,ʂestʲerka,six
срать на тебя,ru,sratʲ na tʲebʲa,shit on you.
ебанат вонючий,ru,jebanat vonut͡ɕʲij,fucking stinker
уёбище,ru,uobʲiɕːe,motherfucker
жидоёб,ru,ʒidoob,Jew fucker
нига,ru,niɡa,niga
предатель,ru,prʲedatʲelʲ,traitor
хуй моржерый,ru,xuj morʒerɨj,motherfucker
ебёт в рот и в жопу,ru,jebʲot v rot i v ʒopu,Fucking in the mouth and in the ass.
шут гороховый,ru,ʂut ɡoroxovɨj,pea jester
подофил,ru,podofʲil,podophile
лолита,ru,lolʲita,lolita
пендостания,ru,pʲendostania,pendocracies
пиздуй,ru,pʲizduj,fuck off
не хначь,ru,ne xnat͡ɕʲ,No shit.
высший пиздец,ru,vɨsʂij pʲizdʲet͡s,ultimate fuck-up
долбаеб,ru,dolbaeb,dickhead
пиздун,ru,pʲizdun,cunt
алкашная,ru,alkaʂnaa,alkali
мошонка,ru,moʂonka,scrotum
малоебущий,ru,maloebuɕːij,fucked-up
слон,ru,slon,elephant
распиздошить,ru,raspʲizdoʂitʲ,cuss out
трепездон,ru,trʲepʲezdon,trepisdon
чухмен,ru,t͡ɕʲuxmʲen,chukhman
доебался,ru,doebalsʲa,fucked up
ебаная блядь,ru,jebanaa blʲadʲ,fucking bitch
пидорас,ru,pʲidoras,faggot
пиздобрат,ru,pʲizdobrat,cunt
подпиздываеть,ru,podpʲizdɨvaetʲ,pussy
да ебал я,ru,da ebal a,Fuck me.
нахуя,ru,naxua,for fuck's sake
черт,ru,t͡ɕʲert,damn
баба яга,ru,baba aɡa,baba yaga
соси член,ru,sosʲi t͡ɕʲlʲen,suck a dick
прокаженный,ru,prokaʒennɨj,leper
козлоёбище,ru,kozloobʲiɕːe,asshole
уебаться,ru,uebatʲsʲa,fuck off
ебани,ru,jebani,fuck
дурак несчастный,ru,durak nest͡ɕʲastnɨj,miserable fool
выебываться,ru,vɨebɨvatʲsʲa,fuck off
пасть закрой,ru,pastʲ zakroj,shut your mouth
гандон,ru,ɡandon,dickhead
греблядь,ru,ɡrʲeblʲadʲ,rowing
заебали,ru,zaebalʲi,fucked up
ошибка природы,ru,oʂibka prʲirodɨ,mistake of nature
поебень,ru,poebʲenʲ,fuck
ты дурак,ru,tɨ durak,you're a fool.
ёб твою мать,ru,job tvou matʲ,Fucking hell.
остоебала,ru,ostoebala,stooge
остоебали,ru,ostoebalʲi,fucked up
пиздецкая,ru,pʲizdʲet͡skaa,fucked
пёзды,ru,pʲozdɨ,cunts
я твою мамку ебал,ru,ja tvou mamku ebal,I fucked your mom.
похуй,ru,poxuj,fuck
балван,ru,balvan,spoilsport
ебаный карась,ru,jebanɨj karasʲ,fucking carp
завали пасть,ru,zavalʲi pastʲ,shut your mouth
черт побери,ru,t͡ɕʲert pobʲerʲi,damn it
дегенерат,ru,dʲeɡenerat,degenerate
азер,ru,azʲer,Azer
голоёбица,ru,ɡoloobʲit͡sa,naked cunt
москали,ru,moskalʲi,Muscals
у меня встал,ru,u mʲena vstal,I'm up.
пиздомания,ru,pʲizdomania,cunt addiction
гаишник,ru,ɡaiʂnik,traffic cop
уебки,ru,uebkʲi,fuckers
выёбываются,ru,vɨobɨvautsʲa,fuck off
трепездонит,ru,trʲepʲezdonit,codpiece
халявочник,ru,xalʲavot͡ɕʲnik,freeloader
исчезни,ru,ist͡ɕʲezni,disappear
залупа коская,ru,zalupa koskaa,asshole
на хуй,ru,na xuj,fuck off
секс,ru,sʲeks,sex
объебательство,ru,obʲjebatʲelʲstvo,embarrassment
сучьи сын,ru,sut͡ɕʲi sɨn,son of a bitch
блоха,ru,bloxa,flea
впиздячил,ru,vpʲizdʲat͡ɕʲil,fucked up
пердун,ru,pʲerdun,fart
выебываешься,ru,vɨebɨvaeʂʲːsʲa,fucking around
уёбищенски,ru,uobʲiɕːenskʲi,ugly
факер,ru,fakʲer,facer
лабизаться,ru,labʲizatʲsʲa,labialize
срачище,ru,srat͡ɕʲiɕːe,scramble
мордобой,ru,mordoboj,pugilism
окаченел,ru,okat͡ɕʲenel,petrified
хуёво,ru,xuovo,fucked
хуйню нести,ru,xujnu nestʲi,bullshit
забил хуй,ru,zabʲil xuj,fucked up.
жук навозный,ru,ʒuk navoznɨj,dung beetle
сучара,ru,sut͡ɕʲara,bitch
наротан,ru,narotan,naratan
минет,ru,mʲinet,blowjob
я твою маму ебал,ru,ja tvou mamu ebal,I fucked your mom.
говносос,ru,ɡovnosos,shit sucker
гадушник,ru,ɡaduʂnik,gadushnik
шароёбится,ru,ʂaroobʲitsʲa,wobbling
халява,ru,xalʲava,freebies
нигер,ru,niɡer,nigger
сучка,ru,sut͡ɕʲka,bitch
конченый,ru,kont͡ɕʲenɨj,finished
рачина,ru,rat͡ɕʲina,rachina
доебаться,ru,doebatʲsʲa,fuck off
наебашился,ru,naebaʂilsʲa,fucked up
сосихуйский,ru,sosʲixujskʲij,Sosikhui
ебать,ru,jebatʲ,fuck
головка от хуя,ru,ɡolovka ot xua,dick head
ведьма,ru,vʲedʲma,witch
крышка,ru,krɨʂka,cover
крысеныш,ru,krɨsʲenɨʂ,little rat
пошел на хуй,ru,poʂel na xuj,Fuck you.
пидоростан,ru,pʲidorostan,faggot
заебись,ru,zaebʲisʲ,fucking great
ченый,ru,t͡ɕʲenɨj,black
засунь в жопу,ru,zasunʲ v ʒopu,shove it up your ass.
конча,ru,kont͡ɕʲa,cum
дубина,ru,dubʲina,cudgel
очкун,ru,ot͡ɕʲkun,goggle
москаль,ru,moskalʲ,Muscal
долбаебка,ru,dolbaebka,motherfucker
косоёбится,ru,kosoobʲitsʲa,squint
мондавошка,ru,mondavoʂka,mondawoshka
нимфоманка,ru,nimfomanka,nymphomaniac
ебанулась,ru,jebanulasʲ,fucked up
подъёбка,ru,podʲjobka,banter
жидоёбская,ru,ʒidoobskaa,Jew
объебать,ru,obʲjebatʲ,fuck around
изъебнулась,ru,izʲjebnulasʲ,fucked up
трахал,ru,traxal,fucked
наебщики,ru,naebɕːikʲi,fuckers
выёбываться,ru,vɨobɨvatʲsʲa,fuck off
иди нахуй,ru,idʲi naxuj,Fuck you.
косячок,ru,kosʲat͡ɕʲok,joint
мамка,ru,mamka,mom
запад,ru,zapad,west
херотень,ru,xʲerotʲenʲ,bullshit
даун,ru,daun,down
бля буду,ru,blʲa budu,I fucking will.
жопу порву маргала выкалю,ru,ʒopu porvu marɡala vɨkalʲu,"I'm gonna tear my ass up, I'm gonna roll out the margal."
"ну все, тебе пизда",ru,"nu vsʲe, tʲebʲe pʲizda","That's it, you're fucked."
хуй,ru,xuj,dick
дуб дубом,ru,dub dubom,oak tree
connard,fr,kɔnaʀ,asshole
je m’en fou,fr,ʒə m’ən fu,I don't care
je m’en fous,fr,ʒə m’ən fu,I don't care
t’as intérêt ne pas m’énervé,fr,t’as ɛ̃teʀə̂t nə pas m’enɛʀve,you better not piss me off
je m’en fiche,fr,ʒə m’ən fiʃ,I don't care
emmerdeur,fr,ɑmɛʀdœʀ,pain in the ass
mange de la merde,fr,mɑ̃ʒə də la mɛʀd,eat shit
je veux faire l’amour avec toi,fr,ʒə vœks fɛʀɛ l’amuʀ avək twa,i want to make love to you
papier q,fr,papjəʀ k,paper q
ça me fait chier,fr,sa mə fɛt ʃjəʀ,it pisses me off
ducon,fr,dykɔ̃,ducon
t’es rien qu’un petit connard,fr,t’əs ʀjɛ̃ k’yn pətit kɔnaʀ,you're nothing but a little prick
putain de merde,fr,pytɛn də mɛʀd,FUCKING SHIT
s’en foutre,fr,s’ən futʀ,don't care
va te faire enculer,fr,va tə fɛʀɛ ɑ̃kyləʀ,fuck you
tu es con,fr,ty əs kɔ̃,you're an idiot
je me fais chier,fr,ʒə mɛ fɛs ʃjəʀ,I'm bored
"meurs, pute",fr,"mœʀs, pyt","die, whore"
batard,fr,bataʀ,batard
pétasse,fr,petas,cunt
dégage,fr,deɡaʒ,clear
tu fais chier,fr,ty fɛs ʃjəʀ,you're a pain in the ass
enfoiré,fr,ɑ̃fwaʀe,bastard
ma couille,fr,ma kujl,my ball
chiante,fr,ʃjɑ̃tə,annoying
nom de dieu,fr,nɔm də djø,in the name of god
ta race,fr,ta ʀaz,your race
mes couilles en toi,fr,məs kujlɛs ən twa,my balls inside you
une casse-couille,fr,ynə kasə-kujl,a pain in the ass
rien à branler,fr,ʀjən a bʀɑ̃ləʀ,give a shit
ça fait shier,fr,sa fɛt sjəʀ,it's shier
pq,fr,pk,pq
chatte,fr,ʃat,pussy
baise moi mor,fr,bɛzə mwa mɔʀ,fuck me mor
couille,fr,kujl,ball
c’est pas con,fr,k’ɛst pas kɔ̃,it's not stupid
crève la gueule ouverte,fr,kʀə̀vɛ la ɡɥœlə uvɛʀt,die with your mouth open
j’ai baisé ta mère,fr,ʒ’ai bɛze ta mə̀ʀ,i fucked your mother
sale,fr,sal,dirty
branleur,fr,bʀɑ̃lœʀ,wanker
couillon,fr,kujlɔ̃,coward
bachie coupe,fr,baʃjə kup,bachie cut
baise,fr,bɛz,fuck
enfoirée,fr,ɑ̃fwaʀe,bastard
va te faire foutre,fr,va tə fɛʀə futʀ,fuck you
allez,fr,alɛ,go to
je t’emmerde,fr,ʒə t’ɑmɛʀd,screw you
enculée,fr,ɑ̃kyle,motherfucker
"oh, merde",fr,"ɔ, mɛʀd","oh, shit"
c’est vraiment de ta faute,fr,k’ɛst vʀɛmɑ̃t də ta fot,it's really your fault
ça craint,fr,sa kʀɛ̃,it sucks
dégueu,fr,deɡɥø,gross
s’en branler,fr,s’ən bʀɑ̃ləʀ,give a fuck
cul,fr,kyl,ass
va t’en,fr,va t’ɑ̃,go away
couilles,fr,kujl,balls
casse-toi,fr,kasə-twa,get lost
niquer,fr,nikəʀ,fuck
pédé,fr,pede,fag
idiote,fr,idjɔt,silly
putain,fr,pytɛ̃,whore
j’ai envie de chier,fr,ʒ’ai ɑ̃vjə dɛ ʃjəʀ,I want to shit
t’es un salaud,fr,t’əs yn salo,you're a bastard
foutre le bordel,fr,futʀə lɛ bɔʀdəl,making a mess
vous sentez comme le boeuf et le fromage,fr,vus sɑ̃təz kɔmɛ lɛ bɔœf ɛt lə fʀɔmaʒ,you smell like beef and cheese
gross cul,fr,ɡʀɔs kyl,fat ass
chiant,fr,ʃjɑ̃t,boring
quel salaud,fr,kəl salo,what a bastard
je me suis fait baiser,fr,ʒə mɛ sɥis fɛt bɛzəʀ,I got screwed
imbécile,fr,ɛ̃bezil,fool
film de cul,fr,film də kyl,sex film
s’en foutre de,fr,s’ən futʀə d,don't care about
crève la gueule ouverte!,fr,kʀə̀vɛ la ɡɥœlɛ uvɛʀtə!,die with your mouth open!
fais chier,fr,fɛs ʃjəʀ,screw it
rien à foutre,fr,ʀjən a futʀ,screw it
sac vin,fr,sak vɛ̃,wine bag
petit tabernac,fr,pətit tabɛʀnak,petit tabernac
tu me gonfles,fr,ty mə ɡɔ̃fl,you piss me off
pédale,fr,pedal,pedal
avale mes couilles,fr,avalə məs kujl,swallow my balls
un casse-couille,fr,yn kasə-kujl,a pain in the ass
con,fr,kɔ̃,con
c’est con,fr,k’ɛst kɔ̃,it's stupid
du pq,fr,dy pk,of the pq
face de cul,fr,fazə də kyl,butt face
branleur de chiens morts,fr,bʀɑ̃lœʀ də ʃjɛ̃s mɔʀ,dead dog wanker
ta mere suce des bites en enfer,fr,ta məʀɛ syzɛ dɛs bitɛs ɛn ɑ̃fəʀ,your mother sucks cocks in hell
merdasse,fr,mɛʀdas,merdasse
se taire,fr,sə tɛʀ,hush
salope,fr,salɔp,bitch
vas faire foutre a la vache,fr,vas fɛʀə futʀə a la vaʃ,fuck the cow
emmerdeuse,fr,ɑmɛʀdœz,pain in the ass
prendre pour une conne,fr,pʀɑ̃dʀə puʀ ynə kɔn,take for a fool
sac merde,fr,sak mɛʀd,shit bag
c’est quoi ce bordel,fr,k’ɛst kwa sə bɔʀdəl,what the hell
à  chier,fr,a  ʃjəʀ,crap
enculer les mouches,fr,ɑ̃kyləʀ ləs muʃ,fuck the flies
rien à foutre de,fr,ʀjən a futʀə d,nothing to do with
trou du cul,fr,tʀu dy kyl,asshole
salaud,fr,salo,bastard
bite,fr,bit,cock
merde embulante,fr,mɛʀdə ɑ̃bylɑ̃t,emblematic shit
ta gueule,fr,ta ɡɥœl,shut up
ça pue,fr,sa py,it stinks
j’en ai ral le bol,fr,ʒ’ən ai ʀal lə bɔl,i'm fed up
t’as pas de couilles,fr,t’as pas də kujl,you've got no balls
mange ma bite,fr,mɑ̃ʒə ma bit,eat my cock
sa race,fr,sa ʀaz,its breed
ta mere la pute,fr,ta məʀə la pyt,ta mere la pute
tu commence m’enmerder,fr,ty kɔmɑ̃sə m’ɑmɛʀdəʀ,you're starting to piss me off
idiot,fr,idjo,idiot
petite pute,fr,pətitə pyt,little whore
tu et un ane,fr,ty ət yn an,tu et un ane
frambler,fr,fʀɑ̃bləʀ,frambler
 je me fais chier,fr,ʒə mɛ fɛs ʃjəʀ,I'm bored
emmerder,fr,ɑmɛʀdəʀ,screw
vous vissez,fr,vus visɛ,you screw
bordel,fr,bɔʀdəl,brothel
oh putain de merde,fr,ɔ pytɛn də mɛʀd,oh for fuck's sake
se foutre dans la merde,fr,sə futʀə dɑ̃s la mɛʀd,getting into trouble
connasse,fr,kɔnas,bitch
note from benjamin,fr,nɔtə fʀɔm bɑ̃ʒamɛ̃,note from benjamin
conneries,fr,kɔnɛʀj,bullshit
foutre,fr,futʀ,fuck
laisse-moi tranquille,fr,lɛsə-mwa tʀɑ̃kij,leave me alone
baiser,fr,bɛzəʀ,kiss
je te nique ta race sale fils de chien,fr,ʒə tɛ nikɛ ta ʀazɛ salɛ fils də ʃjɛ̃,I'll fuck your race you son of a dog
putain de,fr,pytɛn d,fucking
branler,fr,bʀɑ̃ləʀ,wank
aller se faire foutre,fr,aləʀ sɛ fɛʀə futʀ,fuck off
foutre la merde,fr,futʀə la mɛʀd,make a mess
j’en ai plus rien à foutre,fr,ʒ’ən ai plys ʀjən a futʀ,I don't give a fuck anymore
je m’en bats les couilles,fr,ʒə m’ɛn bats ləs kujl,I don't give a fuck
ce mécanicien m’a bien baisé,fr,sə mekanisjɛ̃ m’a bjən bɛze,this mechanic screwed me over
garce,fr,ɡaʀs,bitch
casser les couilles,fr,kasəʀ ləs kujl,busting balls
zut,fr,zy,zut
dégénéré,fr,deʒeneʀe,degenerate
bordel de merde,fr,bɔʀdəl də mɛʀd,for fuck's sake
enculer une mouche,fr,ɑ̃kyləʀ ynə muʃ,fuck a fly
brûle en enfer,fr,bʀylə ɛn ɑ̃fəʀ,burns in hell
de merde,fr,də mɛʀd,of shit
abruti,fr,abʀyti,moron
ça schlingue,fr,sa sʃlɛ̃ɡ,ça schlingue
couillonne,fr,kujlɔn,couillonne
vous êtes stupide,fr,vus ə̂təs stypid,you're stupid
dégueulasse,fr,deɡɥœlas,disgusting
framble,fr,fʀɑ̃blə,aspen
tais-toi,fr,tɛs-twa,shut up
trouduc,fr,tʀudyk,asshole
nique ta mère,fr,nikə ta mə̀ʀ,fuck your mother
ferme ta gueule,fr,fɛʀmə ta ɡɥœl,shut your mouth
conne,fr,kɔn,connect
enculé,fr,ɑ̃kyle,motherfucker
partir en couille,fr,paʀtiʀ ən kujl,going to the dogs
crétin,fr,kʀetɛ̃,moron
chier,fr,ʃjɛʀ,chier
baise toi,fr,bɛzə twa,fuck you
pute,fr,pyt,whore
j’en ai ral le cul,fr,ʒ’ən ai ʀal lə kyl,it's slowing my ass down
merde,fr,mɛʀd,shit
putain t’es moche,fr,pytɛn t’əs mɔʃ,you're fucking ugly
connerie,fr,kɔnəʀi,bullshit
prendre pour un con,fr,pʀɑ̃dʀə puʀ yn kɔ̃,take for a fool
debile,fr,dəbil,moron
ne rien foutre,fr,nə ʀjən futʀ,do nothing
t’es débile,fr,t’əs debil,you're an idiot
rien à branler ,fr,ʀjən a bʀɑ̃ləʀ,give a shit
la vache,fr,la vaʃ,the cow
je pis dans ta bouche,fr,ʒə pis dɑ̃s ta buʃ,I pee in your mouth
qu’est-ce que tu branles,fr,k’ɛst-sə kə ty bʀɑ̃l,what the hell are you doing
putain de bordel de merde,fr,pytɛn də bɔʀdɛl də mɛʀd,for fuck's sake
se casser,fr,sə kasəʀ,break
je m’en fous pas mal,fr,ʒə m’ən fus pas mal,I don't really care
fils de pute,fr,fils də pyt,son of a bitch
faire chier,fr,fɛʀə ʃjəʀ,piss off
enculer,fr,ɑ̃kyləʀ,fuck
il est stupide,fr,il ɛst stypid,he's stupid
branler – to jerk off,fr,bʀɑ̃ləʀ – tɔ ʒɛʀk ɔf,branler - to jerk off
j’en ai marre,fr,ʒ’ən ai maʀʀ,i'm fed up
कुत्ते की औलाद,hi,kutte kiː ɔːlaːd,Dog Leash
कुत्ते की ज़ात,hi,kutte kiː zaːt,Dogs
सूअर की औलाद,hi,suːarə kiː ɔːlaːd,Swine auction
सूअर की ज़ात,hi,suːarə kiː zaːt,pork grounds
गधे की औलाद,hi,ɡəd̤e kiː ɔːlaːd,The Apostle of the Dwarf
गधे की ज़ात,hi,ɡəd̤e kiː zaːt,Dwarfs
बंदर की औलाद,hi,bəndrə kiː ɔːlaːd,Monkey
बंदर की ज़ात,hi,bəndrə kiː zaːt,Monkey
भैंस की औलाद,hi,b̤æːnsə kiː ɔːlaːd,Buffalo
भैंस की ज़ात,hi,b̤æːnsə kiː zaːt,About Buffalo
उल्लू की औलाद,hi,ulluː kiː ɔːlaːd,Owl's Alasad
उल्लू की ज़ात,hi,ulluː kiː zaːt,Owl
लोमड़ी की औलाद,hi,lomɽiː kiː ɔːlaːd,Lomdi's Auction
लोमड़ी की ज़ात,hi,lomɽiː kiː zaːt,Lumde Zat
भेड़ की औलाद,hi,b̤eɽə kiː ɔːlaːd,Sheep
भेड़ की ज़ात,hi,b̤eɽə kiː zaːt,Sheep
बकरी की औलाद,hi,bəkriː kiː ɔːlaːd,Goat Aulada
बकरी की ज़ात,hi,bəkriː kiː zaːt,Goat
बिल्ली की औलाद,hi,billiː kiː ɔːlaːd,cat auction
बिल्ली की ज़ात,hi,billiː kiː zaːt,Cat Zat
मेंढक की औलाद,hi,menɖ̤kə kiː ɔːlaːd,Aurora of frogs
मेंढक की ज़ात,hi,menɖ̤kə kiː zaːt,The Land of the Forest
बदीर,hi,bədiːr,Binder
बदीरचंद,hi,bədiːrt͡ʃəndə,Сountry
बकलैंड,hi,bəklæːnɖə,Bakland
बकलंड,hi,bəklənɖə,Buckle
भंडवा,hi,b̤ənɖvaː,Сountry
भड़वा,hi,b̤əɽvaː,Home
चिनाल,hi,t͡ʃinaːl,Chinal
छनाल,hi,t͡ʃʰənaːl,Tease
चूतिया,hi,t͡ʃuːtijaː,Katya
चुतिया,hi,t͡ʃutijaː,Katya
घसटी,hi,ɡ̤əsʈiː,SEARCH
घसति,hi,ɡ̤əsti,Home
घसड़,hi,ɡ̤əsəɽ,Сountry
घस्सड़,hi,ɡ̤əssəɽ,Horse
हरामी,hi,ɦəraːmiː,Green
हरामज़ादा,hi,ɦəraːmzaːdaː,Haremazada
हरामजादा,hi,ɦəraːmd͡ʒaːdaː,Greenland
हिजड़ा,hi,ɦid͡ʒɽaː,Hedgehog
हिजड़ा,hi,ɦid͡ʒɽaː,Hedgehog
टट्टी,hi,ʈəʈʈiː,Kitty
चोद,hi,t͡ʃod,Cheats
 लंड,hi,lənɖə,Lemon
 लोडे,hi,loɖe,Load
 टक्के,hi,ʈəkke,Boxing
छक्का,hi,t͡ʃʰəkkaː,Negotiable
हिजड़ा,hi,ɦid͡ʒɽaː,Hedgehog
टट्टे,hi,ʈəʈʈe,Pony
रांड ,hi,raːnɖə,Randy
रंढवा,hi,rənɖ̤vaː,Сountry
जिगोलो,hi,d͡ʒiɡolo,Girgo
रंडी,hi,rənɖiː,Randy
लंड,hi,lənɖə,Lemon
चूत,hi,t͡ʃuːt,Suck
बंड,hi,bənɖə,Bound
गांडू,hi,ɡaːnɖuː,Gondu
गांडी,hi,ɡaːnɖiː,English
भोसड़ी वाला,hi,b̤osɽiː vaːlaː,Busty
भोंसड़ी वाला,hi,b̤onsɽiː vaːlaː,Busty
भोसरी वाला,hi,b̤osriː vaːlaː,Bassery
बूबले,hi,buːble,BOOBLE
चुची,hi,t͡ʃut͡ʃiː,Cheats
चूचे,hi,t͡ʃuːt͡ʃe,Violence
चूचियां,hi,t͡ʃuːt͡ʃijaːn,Bangles
चूत मार के,hi,t͡ʃuːtə maːrə ke,Banging
लंड मार के,hi,lənɖə maːrə ke,Spanking
गांड मारी के,hi,ɡaːnɖə maːriː ke,Married
चोदू,hi,t͡ʃoduː,Chotamil
लौड़ा,hi,lɔːɽaː,Wardrobe
लौंडा,hi,lɔːnɖaː,Lagoda
लोडा,hi,loɖaː,Loaded
लंड,hi,lənɖə,Lemon
मुठ मारना,hi,muʈʰə maːrnaː,Momenting
मुठी,hi,muʈʰiː,Mystery
मुठल,hi,muʈʰəl,Muddle
बाबले,hi,baːble,Babley
बुर,hi,bur,Burger
चोदना,hi,t͡ʃodnaː,Sex
चुदना,hi,t͡ʃudnaː,tight
चुद,hi,t͡ʃud,tight
बूबले,hi,buːble,BOOBLE
चोदू,hi,t͡ʃoduː,Chotamil
भड़वा,hi,b̤əɽvaː,Home
भड़वे,hi,b̤əɽve,Home
भड़वों,hi,b̤əɽvon,Perverts
भड़वी,hi,b̤əɽviː,Wife
भड़वापंती,hi,b̤əɽvaːpəntiː,Home
चोदेला,hi,t͡ʃodelaː,Chodela
मारना,hi,maːrnaː,Hit
मारनी,hi,maːrniː,Marry
मारने,hi,maːrne,Killing
गांडफटू,hi,ɡaːnɖpʰəʈuː,Gadget
गांडफटी,hi,ɡaːnɖpʰəʈiː,Gadgets
गांडफटा,hi,ɡaːnɖpʰəʈaː,Сountry
गांडफटों,hi,ɡaːnɖpʰəʈon,Gadgets
गांडमस्ती,hi,ɡaːnɖməstiː,English
गांड मारना,hi,ɡaːnɖə maːrnaː,Singinging
गांड मारू,hi,ɡaːnɖə maːruː,Scandals
गांड मारी,hi,ɡaːnɖə maːriː,Marathi
गांड माराना,hi,ɡaːnɖə maːraːnaː,Singer
झाँट,hi,d͡ʒ̤ãːʈə,Skirt
गांड फटू,hi,ɡaːnɖə pʰəʈuː,Scandals
गांड फटी,hi,ɡaːnɖə pʰəʈiː,Gand Fatigue
गांड फटा,hi,ɡaːnɖə pʰəʈaː,Gadget Cracked
गांड फटों,hi,ɡaːnɖə pʰəʈon,Gand Bursts
गांड मस्ती,hi,ɡaːnɖə məstiː,Gadget
गांडमरना,hi,ɡaːnɖmərnaː,English
गांडमरू,hi,ɡaːnɖməruː,Gadget
गांडमराना,hi,ɡaːnɖməraːnaː,English
गांडमारी,hi,ɡaːnɖmaːriː,Gadgets
रंडीबाज़ार,hi,rənɖiːbaːzaːr,Randybazar
चोदो,hi,t͡ʃodo,Chota
चोदी,hi,t͡ʃodiː,chennai
चोदने,hi,t͡ʃodne,Sex
चोदवा,hi,t͡ʃodvaː,Chodow
चुदो,hi,t͡ʃudo,Wishes
चुदी,hi,t͡ʃudiː,Funny
चुदने,hi,t͡ʃudne,tights
चुदवा,hi,t͡ʃudvaː,Сountry
चोदाई,hi,t͡ʃodaːiː,Cholera
चुदा,hi,t͡ʃudaː,Suggestion
चुदाई,hi,t͡ʃudaːiː,Suggestion
चुदवाना,hi,t͡ʃudvaːnaː,Witness
हरामी,hi,ɦəraːmiː,Green
हरामिया,hi,ɦəraːmijaː,Green
हरामज़ादा,hi,ɦəraːmzaːdaː,Haremazada
हरामज़ादी,hi,ɦəraːmzaːdiː,Harmony
हरामख़ोर,hi,ɦəraːmxor,Harmony
कमीना,hi,kəmiːnaː,Decreasing
कमीनी,hi,kəmiːniː,Missing
भोसड़ी,hi,b̤osɽiː,Beaux
भोसड़ीके,hi,b̤osɽiːke,Сountry
भंडवा,hi,b̤ənɖvaː,Сountry
भंडी,hi,b̤ənɖiː,Blessing
भड़वा,hi,b̤əɽvaː,Home
भड़वी,hi,b̤əɽviː,Wife
रांड,hi,raːnɖə,Randy
रांडवा,hi,raːnɖvaː,Randwa
रांडिबाजार,hi,raːnɖibaːd͡ʒaːr,Randybazar
हिजड़ा,hi,ɦid͡ʒɽaː,Hedgehog
हिजरा,hi,ɦid͡ʒraː,Hedgehog
हिजड़े,hi,ɦid͡ʒɽe,Hedgehog
छक्का,hi,t͡ʃʰəkkaː,Negotiable
गांडू,hi,ɡaːnɖuː,Gondu
गंडू,hi,ɡənɖuː,Gondu
लवड़ा,hi,ləvɽaː,Lover
लौड़ा,hi,lɔːɽaː,Wardrobe
लोडा,hi,loɖaː,Loaded
लंड,hi,lənɖə,Lemon
लंडवा,hi,lənɖvaː,LANDWA
चूत,hi,t͡ʃuːt,Suck
चूतिया,hi,t͡ʃuːtijaː,Katya
चूतमार,hi,t͡ʃuːtmaːr,titmar
चूतियापा,hi,t͡ʃuːtijaːpaː,Katyapa
filho da puta,pt,filo dɐ putɐ,son of a bitch
pisso,pt,piʃso,pisso
puta que pariu,pt,putɐ kʷɛ pɐɾiw,Holy shit
cabra,pt,kɐbʁɐ,goat
escroto,pt,ɛʃkɾoto,scrotum
saco de merda,pt,sɐko dɛ mɛɾdɐ,bag of shit
cracudo,pt,kɾɐkudo,crackpot
foder,pt,fodɛɾ,fuck
vai se foder,pt,vaj sɛ fodɛɾ,fuck you
vagabundo,pt,vɐɡɐbundo,tramp
porra,pt,poʁɐ,fuck
pra caralho,pt,pɾɐ kɐɾɐlo,for fuck's sake
broche,pt,bɾokɛ,brooch
pixota,pt,piksotɐ,pixota
chupa meu pau,pt,kupɐ mew paw,suck my cock
pau,pt,paw,stick
galinha,pt,ɡɐlinɐ,chicken
cacete,pt,kɐzɛtɛ,cock
bicha,pt,bikɐ,queer
arrombado,pt,ɐʁombɐdo,broken into
pica,pt,pikɐ,pica
rego do cu,pt,ʁɛɡo do ku,asshole
piça,pt,pisɐ,cock
corno,pt,koɾno,cuckold
negão,pt,nɛɡɐ̃w̃,black
merda,pt,mɛɾdɐ,shit
xoxota,pt,ʃoksotɐ,pussy
boquete,pt,bokʷɛtɛ,blowjob
olho do cu,pt,olo do ku,asshole
chupa-mos,pt,kupɐ-moʃ,we suck
peido,pt,pɛjdo,fart
mijar,pt,miʒɐɾ,piss
sapatão,pt,sɐpɐtɐ̃w̃,slut
mouro,pt,mowuɾo,Moorish
siririca,pt,siɾiɾikɐ,siririca
foda,pt,fodɐ,fuck
cu,pt,ku,ass
foda-se,pt,fodɐ-sɛ,fuck
vai apanhar no cu,pt,vaj ɐpɐnɐɾ no ku,get your ass kicked
fodido,pt,fodido,fucked
vai pro caralho,pt,vaj pɾo kɐɾɐlo,fuck off
teu cu,pt,tew ku,your ass
minete,pt,minɛtɛ,minete
babaca,pt,bɐbɐkɐ,asshole
mamada,pt,mɐmɐdɐ,blowjob
cona,pt,konɐ,cunt
paneleiro,pt,pɐnɛlɛjɾo,faggot
cachorro,pt,kɐkoʁo,dog
pachacha,pt,pɐkɐkɐ,pachacha
trepar,pt,tɾɛpɐɾ,climb
piroca,pt,piɾokɐ,dick
enrabar,pt,ɛnʁɐbɐɾ,screw
do caralho,pt,do kɐɾɐlo,fucking
negro,pt,nɛɡʁo,black
cachorra,pt,kɐkoʁɐ,puppy
bobo,pt,bobo,silly
puta merda,pt,putɐ mɛɾdɐ,Holy shit
fode-te,pt,fodɛ-tɛ,fuck you
piranha,pt,piɾɐnɐ,piranha
caralho,pt,kɐɾɐlo,fuck
escrota,pt,ɛʃkɾotɐ,scrooge
punheta,pt,punɛtɐ,wank
vai tomar no cu,pt,vaj tomɐɾ no ku,fuck off
cabrão,pt,kɐbʁɐ̃w̃,motherfucker
viado,pt,viɐdo,faggot
rata,pt,ʁɐtɐ,pussy
que porra é essa,pt,kʷɛ poʁɐ e ɛʃsɐ,what the fuck is this
canalha,pt,kɐnɐlɐ,scoundrel
cagar,pt,kɐɡɐɾ,shit
preto,pt,pɾɛto,black
encher o saco,pt,ɛnkɛɾ o sɐko,fill your bag
pito,pt,pito,pito
badalhoca,pt,bɐdɐlokɐ,badass
trouxa,pt,tɾowuksɐ,fool
puta,pt,putɐ,whore
"vai para o caralho, vai-te foder",pt,"vaj pɐɾɐ o kɐɾɐlo, vaj-tɛ fodɛɾ","fuck you, fuck off"
monte de merda,pt,montɛ dɛ mɛɾdɐ,pile of shit
boiola,pt,bowjolɐ,faggot
vai mamar na quinta pata do cavalo,pt,vaj mɐmɐɾ nɐ kʷintɐ pɐtɐ do kɐvɐlo,go suck the horse's fifth leg
brocha,pt,bɾokɐ,broach
moor,pt,mowoɾ,moor
caceta,pt,kɐzɛtɐ,cunt
buceta,pt,buzɛtɐ,pussy
pila,pt,pilɐ,cock
porra nenhuma,pt,poʁɐ nɛnumɐ,fucking nothing
badalhoco,pt,bɐdɐloko,clown
vaca,pt,vɐkɐ,cow
nem fodendo,pt,nɛm fodɛndo,no fucking way
肏,zh,t͡sʰao,fuck (vulgar)
操,zh,t͡sʰao,drill (practice)
他妈的,zh,tʰamate,(taboo curse) damn it!
去你的,zh,t͡ɕʰynite,Go hell!
你妈的屄,zh,nimatipi,You fucking cunt.
肏你妈,zh,t͡sʰaonima,fuck your mother (vulgar)
肏你妈的屄,zh,t͡sʰaonimatipi,Fuck your mom's cunt.
干你妈,zh,kannima,Fuck you!
干你娘,zh,kanniniaŋ,Fuck you!
王八,zh,waŋpa,tortoise
王八旦,zh,waŋpatan,turtle's egg (highly offensive when directed at sb)
龟孙子,zh,kueisunt͡si,(coll.) bastard
杂种,zh,t͡saʈ͡ʂoŋ,son-of-a-bitch
混蛋,zh,xuntan,asshole
犯贱,zh,fant͡ɕian,lowly
招贬,zh,ʈ͡ʂaopian,disparage
低三下四,zh,tisanɕiasi,servile
狗腿子,zh,koutʰueit͡si,fig. one who follows a villain
拍马屁,zh,pʰaimapʰi,boot-licking
神经病,zh,ʂent͡ɕiŋpiŋ,mental disorder
变态,zh,piantʰai,perverted (slang)
脑残,zh,naot͡sʰan,brain-dead (derogatory)
白痴,zh,paiʈ͡ʂʰi,idiocy
笨蛋,zh,pentan,geek
傻子,zh,ʂat͡si,a fool
残废,zh,t͡sʰanfei,garbled
智障,zh,ʈ͡ʂɻ̩ʈ͡ʂaŋ,learning difficulties (handicap)
我尻,zh,wokʰao,I'll do it.
婊子,zh,piaot͡si,prostitute
婊子,zh,piaot͡si,prostitute
三八,zh,sanpa,stupid
混账,zh,xunʈ͡ʂaŋ,absolutely disgraceful!
滚蛋,zh,kuntan,beat it!
傻子,zh,ʂat͡si,a fool
呆子,zh,tait͡si,sucker
惡棍,zh,惡kun,bully
神棍,zh,ʂenkun,sorcerer
窝囊废,zh,wonaŋfei,good-for-nothing
废物,zh,feiu,landfills
废人,zh,feiɻen,handicapped person
废话,zh,feixua,No kidding! (gently sarcastic)
流氓,zh,lioumaŋ,hooliganism
人渣,zh,ɻenʈ͡ʂa,dregs of society
畜生,zh,ʈ͡ʂʰuʂeŋ,bastard
禽兽,zh,t͡ɕʰinʂou,birds and animals
贱货,zh,t͡ɕianxuo,slut
骚货,zh,saoxuo,loose woman
去死,zh,t͡ɕʰysi,go hell!
该死,zh,kaisi,damned
找死,zh,ʈ͡ʂaosi,court death
吃屎,zh,ʈ͡ʂʰiʂɻ̩,fall flat on one's face (vulgar)
放屁,zh,faŋpʰi,break wind
屎蛋,zh,ʂɻ̩tan,feces
没屁用,zh,muopʰijoŋ,useless
有屁用,zh,joupʰijoŋ,(coll.) be useless
屁话,zh,pʰixua,shit
狗崽子,zh,kout͡sait͡si,bastard
狗屁,zh,koupʰi,nonsense
狗屁不通,zh,koupʰi-putʰoŋ,unintelligible as shit
狗日的,zh,kouɻiti,bastard
狗杂种,zh,kout͡saʈ͡ʂoŋ,bastard
杂种,zh,t͡saʈ͡ʂoŋ,son-of-a-bitch
走狗,zh,t͡soukou,hunting dog
狗腿子,zh,koutʰueit͡si,fig. one who follows a villain
滚开,zh,kunkʰai,boil (of liquid)
滚蛋,zh,kuntan,beat it!
屌,zh,tiao,fuck (Cantonese)
臭閪,zh,ɕiou閪,smelly wench
鸠,zh,t͡ɕiou,"penis (slang, esp. Cantonese)"
柒头,zh,t͡ɕʰitʰou,seven (banker's anti-fraud numeral)
傻逼,zh,ʂapi,idiot
曹尼玛,zh,t͡sʰaonima,Tsang Nyima.
草泥马,zh,t͡sʰaonima,grass mud horse
操你妈,zh,t͡sʰaonima,Fuck you!
去死吧,zh,t͡ɕʰysipia,Go to hell.
傻叼,zh,ʂatiao,stupid
hıyar,tr,hɯjaɾ,Cucumber
siktir orospu çocuğu,tr,siktiɾ oɾospu t͡ʃod͡ʒuɰu,"Fuck you, motherfucker."
taşak,tr,taʃak,balls
aptal,tr,aptal,Stupid
abaza,tr,abaza,abaza
kaşar,tr,kaʃaɾ,Kashkaval
onbeş,tr,onbeʃ,fifteen
denyo,tr,denjo,Douchebag
götüne koyarım,tr,ɡœtyne kojaɾɯm,I'll fuck you in the ass
götünü sikerim,tr,ɡœtyny sikeɾim,I'll fuck your ass
31 çekelim,tr,31 t͡ʃekelim,Let's jerk off
lavuk,tr,lavuk,asshole
amına koyarım,tr,amɯna kojaɾɯm,Fuck you.
sıçtık,tr,sɯt͡ʃtɯk,We're fucked
ezik,tr,ezik,loser
götten bacaklı,tr,ɡœtten bad͡ʒaklɯ,ass-legged
sikindirik,tr,sikindiɾik,SICKNESS
yavşak,tr,javʃak,asshole
hiçbir lanet yolu,tr,hit͡ʃbiɾ lanet jolu,no fucking way
şapka,tr,ʃapka,hat
amına koğumun piçi,tr,amɯna koɰumun pit͡ʃi,fucking bastard.
sıçarım babanın şarap çanağına,tr,sɯt͡ʃaɾɯm babanɯn ʃaɾap t͡ʃanaɰɯna,I'll shit in your father's wine bowl
ecdadını sikeyim,tr,ed͡ʒdadɯnɯ sikejim,fuck your ancestors
film,tr,film,movie
sikim sokum,tr,sikim sokum,Fuck me
sikimtronik,tr,sikimtɾonik,sikimtronik
sikitr,tr,sikitɾ,sikitr
orospu,tr,oɾospu,bitch
yarrak,tr,jaɾɾak,cock
abazan,tr,abazan,abazan
siktir,tr,siktiɾ,Shit!
manda,tr,manda,buffalo
götveren,tr,ɡœtveɾen,asshole
pislik,tr,pislik,asshole
şıllık,tr,ʃɯllɯk,bitch
frikik,tr,fɾikik,frikikik
siçan,tr,sit͡ʃan,SICAN
sıçarım gözlük camına dünyayı bombok görürsün,tr,sɯt͡ʃaɾɯm ɡœzlyk d͡ʒamɯna dynjajɯ bombok ɡœɾyɾsyn,"I'll shit in your glasses, you'll see the world as shit."
zibidi,tr,zibidi,zibidi
eline vermek,tr,eline veɾmek,to give into your hand
feriştahını sikeyim,tr,feɾiʃtahɯnɯ sikejim,fuck your fuckin' ass
puşt,tr,puʃt,asshole
siktir git,tr,siktiɾ ɡit,Fuck off
götüne koyayım,tr,ɡœtyne kojajɯm,Fuck you in the ass
hasiktir,tr,hasiktiɾ,Holy shit
sığır,tr,sɯɰɯɾ,cattle
hayvan,tr,hajvan,animal
kaltak,tr,kaltak,Bitch
yarrak kafa,tr,jaɾɾak kafa,cock head
salak,tr,salak,Idiot
tek kürek yalova yapmak,tr,tek kyɾek jalova japmak,single shovel make yalova
amsalak,tr,amsalak,amsalak
götünden kan alırım,tr,ɡœtynden kan alɯɾɯm,I'll bleed out your ass
ver,tr,veɾ,give
sikik,tr,sikik,Fucker
yelloz,tr,jelloz,yelloz
sikmek,tr,sikmek,fuck
sıçışlardayız,tr,sɯt͡ʃɯʃlaɾdajɯz,we're in the shits
orospu çocuğu,tr,oɾospu t͡ʃod͡ʒuɰu,son of a bitch
ejderha,tr,eʒdeɾha,dragon
amına koyayım,tr,amɯna kojajɯm,Fuck you.
am budalası,tr,am budalasɯ,pussy idiot
ciğerini sikeyim,tr,d͡ʒiɰeɾini sikejim,Fuck your liver
bok ye,tr,bok je,eat shit
amcık ağızlı,tr,amd͡ʒɯk aɰɯzlɯ,cunt mouth
motor,tr,motoɾ,motor
kavat,tr,kavat,kavat
amını sikerim,tr,amɯnɯ sikeɾim,I'll fuck your pussy
beş,tr,beʃ,five
kicimi op,tr,kid͡ʒimi op,op my ass
böluk,tr,bœluk,böluk
amcık hoşafı,tr,amd͡ʒɯk hoʃafɯ,cunt treats
köylü,tr,kœjly,villager
nataşa,tr,nataʃa,natasha
ağzına sıçarım,tr,aɰzɯna sɯt͡ʃaɾɯm,I'll fuck you up
embesil,tr,embesil,imbecile
ısır beni,tr,ɯsɯɾ beni,Bite me
kıç,tr,kɯt͡ʃ,ass
kevaşe,tr,kevaʃe,skank
sikimsonik,tr,sikimsonik,cycimsonic
canın cehenneme,tr,d͡ʒanɯn d͡ʒehenneme,Fuck you
açık kapı,tr,at͡ʃɯk kapɯ,open door
yarrağımın antifrizi,tr,jaɾɾaɰɯmɯn antifɾizi,antifreeze for my cock
mal,tr,mal,goods
yarrağımı,tr,jaɾɾaɰɯmɯ,my cock
yosma,tr,josma,Yosma
göte geldin,tr,ɡœte ɡeldin,you came in the ass
sikimtırak,tr,sikimtɯɾak,Fucktard
dalga,tr,dalɡa,wave
yarrağımı ye,tr,jaɾɾaɰɯmɯ je,eat my cock
amcik,tr,amd͡ʒik,cunt
aşüfte,tr,aʃyfte,hussy
ananı avradını sikeyim,tr,ananɯ avɾadɯnɯ sikejim,Fuck your motherfucker.
yarrağımın kurma kolu,tr,jaɾɾaɰɯmɯn kuɾma kolu,the crown of my cock
bok,tr,bok,Shit
ciğersiz pezevenk,tr,d͡ʒiɰeɾsiz pezevenk,you pimp without a liver
dümbük,tr,dymbyk,dumbass
pezevenk,tr,pezevenk,Pimp
eşekoğlueşek,tr,eʃekoɰlueʃek,donkey son of donkey
seni sikerim,tr,seni sikeɾim,fuck you
apaçi,tr,apat͡ʃi,Apache
siktirici,tr,siktiɾid͡ʒi,fucker
hödük,tr,hœdyk,boor
at hırsızı,tr,at hɯɾsɯzɯ,horse thief
amını sikeyim,tr,amɯnɯ sikejim,Fuck your pussy
götübozuk,tr,ɡœtybozuk,asshole
götünü sikeyim,tr,ɡœtyny sikejim,Fuck your ass
yarrak ağızlı,tr,jaɾɾak aɰɯzlɯ,cock mouth
anasını avradını siktiğimin orospu çocuğu,tr,anasɯnɯ avɾadɯnɯ siktiɰimin oɾospu t͡ʃod͡ʒuɰu,motherfucking son of a bitch
amına koyim,tr,amɯna kojim,Fuck you.
ibne,tr,ibne,Faggot
yedi ceddini siktiğimin oğlu,tr,jedi d͡ʒeddini siktiɰimin oɰlu,you fucking son of a bitch
gerzek,tr,ɡeɾzek,idiot
sülaleni sikeyim,tr,sylaleni sikejim,fuck your ancestors
göt siken,tr,ɡœt siken,ass fucker
sik,tr,sik,fuck
zübük,tr,zybyk,Zubük
top,tr,top,top
ağzına sıçayım,tr,aɰzɯna sɯt͡ʃajɯm,fuck you
hırt,tr,hɯɾt,Hysterical
piç,tr,pit͡ʃ,Bastard
çekirge götü,tr,t͡ʃekiɾɡe ɡœty,grasshopper ass
yarak,tr,jaɾak,cock
amına koyduğumun çocuğu,tr,amɯna kojduɰumun t͡ʃod͡ʒuɰu,motherfucker.
yarak kürek,tr,jaɾak kyɾek,cock shovel
ananı sikerim,tr,ananɯ sikeɾim,fuck your mother
amcık,tr,amd͡ʒɯk,cunt
fallik,tr,fallik,phallic
sürtük,tr,syɾtyk,slut
fahişe,tr,fahiʃe,prostitute
dalyarak,tr,daljaɾak,dalyarak
aşk meleği,tr,aʃk meleɰi,angel of love
yarrağı yedin,tr,jaɾɾaɰɯ jedin,You're fucked
yordamını sikeyim,tr,joɾdamɯnɯ sikejim,fuck your procedure
dalağını sikerim,tr,dalaɰɯnɯ sikeɾim,fuck your spleen
göt lalesi,tr,ɡœt lalesi,ass tulip
sik kafalı,tr,sik kafalɯ,dickhead
budala,tr,budala,foolish
ananı bacını sikeyim,tr,ananɯ bad͡ʒɯnɯ sikejim,fuck your mother and your sister
siki tuttun,tr,siki tuttun,you're fucked
göt,tr,ɡœt,ass
göt veren,tr,ɡœt veɾen,ass giver
deyyus,tr,dejjus,idiot
yarrağı,tr,jaɾɾaɰɯ,his cock
gerizekalı,tr,ɡeɾizekalɯ,Idiot
dürzü,tr,dyɾzy,dür dürzü
sikimde değil,tr,sikimde deɰil,I don't give a fuck
allah kahretsin,tr,allah kahɾetsin,God damn it
amına kodumun piçi,tr,amɯna kodumun pit͡ʃi,you fucking bastard.
sırık,tr,sɯɾɯk,pole
öküz,tr,œkyz,ox
milli olmak,tr,milli olmak,being national
sikko,tr,sikko,sikko
dangalak,tr,danɡalak,douchebag
eşek,tr,eʃek,donkey
ebesini siktiğimin göt lalesi,tr,ebesini siktiɰimin ɡœt lalesi,you fucking asshole tulip
sıçarım böyle işe,tr,sɯt͡ʃaɾɯm bœjle iʃe,Fuck this shit.
ağzını yüzünü siktiğimin pezevengi,tr,aɰzɯnɯ jyzyny siktiɰimin pezevenɡi,You're a fucking pimp.
gelmişini geçmişini sikeyim,tr,ɡelmiʃini ɡet͡ʃmiʃini sikejim,"Fuck you, fuck you, fuck you."
amını götünden sikerim,tr,amɯnɯ ɡœtynden sikeɾim,I'll fuck your cunt in the ass.
concha,es,kont͡ʃa,shell
carajo,es,kaɾaxo,fuck
chilito,es,t͡ʃilito,chilito
joderse,es,xodeɾse,fuck
costar un huevo,es,kostaɾ un uebo,cost an egg
maldición,es,maldision,curse
mostacero,es,mostaseɾo,mostacero
tu madre es una estupida,es,tu madɾe es una estupida,your mother is stupid
pichacorta,es,pit͡ʃakoɾta,pichacorta
we,es,we,we
pinche puta,es,pint͡ʃe puta,fucking whore
mamon,es,mamon,sucker
huey,es,uei,huey
"chinga tu madre, cabron",es,"t͡ʃinɡa tu madɾe, kabɾon","fuck your mother, motherfucker"
cojón,es,koxon,cushion
remojar el cochayuyo,es,ɾemoxaɾ el kot͡ʃajuio,soaking the cochayuyo
chichi,es,t͡ʃit͡ʃi,chichi
wea,es,wea,wea
soplapollas,es,soplapoʝas,cocksucker
sucia,es,susia,dirty
hueva,es,ueba,roe
pargo,es,paɾɡo,snapper
te cogieron de pendejo,es,te koxieɾon de pendexo,you were caught as an asshole
rabo,es,ɾabo,tail
me cago en el coño de tu madre,es,me kaɡo en el koɲo de tu madɾe,I shit on your mother's cunt
maricon,es,maɾikon,fag
hasta la madre,es,asta la madɾe,up to the mother
pinche idiota,es,pint͡ʃe idjota,fucking idiot
putain,es,putain,putain
joto,es,xoto,joto
la cagada,es,la kaɡada,the screw-up
te voy a romper la cara a trompadas,es,te boi a ɾompeɾ la kaɾa a tɾompadas,I'm going to beat your face to a pulp
cabrón,es,kabɾon,motherfucker
chingate,es,t͡ʃinɡate,chingate
coño ,es,koɲo,pussy
yo mataria tu,es,io mataɾja tu,I would kill your
maraca,es,maɾaka,maraca
peras,es,peɾas,pears
"no huyas, pendejo",es,"no ujas, pendexo","don't run away, asshole"
tocarse las peras,es,tokaɾse las peɾas,touching one's pears
pete,es,pete,pete
tarado,es,taɾado,moron
cara de monda,es,kaɾa de monda,monkey face
comerán mierda,es,komeɾan mjeɾda,will eat shit
maraco,es,maɾako,maraco
plumífero,es,plumifeɾo,down jacket
mamaverga,es,mamabeɾɡa,mamaverga
cola,es,kola,tail
que te den por culo,es,ke te den poɾ kulo,fuck you
invertido,es,inbeɾtido,inverted
una pendejada,es,una pendexada,an asshole
mariquita,es,maɾikita,ladybug
maricona,es,maɾikona,fag
agilipollado,es,axilipoʝado,agilipollado
pirobo,es,piɾobo,pyrobo
playo,es,plajo,beach
parcha,es,paɾt͡ʃa,patch
joder,es,xodeɾ,fuck
tontopollas,es,tontopoʝas,dumbass
jode a tu madre,es,xode a tu madɾe,fuck your mother
cojeme,es,koxeme,fuck me
pinche,es,pint͡ʃe,pinche
deje de ser tan pendejo,es,dexe de seɾ tan pendexo,stop being such an asshole
la he jodido,es,la e xodido,I screwed up
chingóna,es,t͡ʃinɡona,chingóna
trompada,es,tɾompada,punch
salchicha,es,salt͡ʃit͡ʃa,sausage
las tetas,es,las tetas,tits
chuchamadre,es,t͡ʃut͡ʃamadɾe,chuchamadre
choto,es,t͡ʃoto,choto
cucaracha,es,kukaɾat͡ʃa,cockroach
maldito,es,maldito,damn
homo,es,omo,homo
negraco,es,neɡɾako,black
tortillera,es,toɾtiʝeɾa,dyke
caray,es,kaɾai,heck
ojete,es,oxete,eyelet
puta,es,puta,whore
pute,es,pute,whore
chupamedias,es,t͡ʃupamedjas,sucker
chinga tu hermana,es,t͡ʃinɡa tu eɾmana,fuck your sister
comemierda,es,komemjeɾda,shit eater
plon,es,plon,plon
julandrón,es,xulandɾon,julandron
me importa tres cojones,es,me impoɾta tɾes koxones,I don't give a damn
tengo ganas,es,tenɡo ɡanas,I feel like
trolo,es,tɾolo,troll
julai,es,xulai,julai
vete a la chingada,es,bete a la t͡ʃinɡada,go to hell
putta,es,putta,whore
panoche,es,panot͡ʃe,panoche
vete al infierno,es,bete al infjeɾno,go to hell
hora,es,oɾa,time
cojon,es,koxon,cojon
cara de panocha,es,kaɾa de panot͡ʃa,panocha face
sarasa,es,saɾasa,sarasa
chotera,es,t͡ʃoteɾa,cholera
eres una marica,es,eɾes una maɾika,you are a faggot
vete a la mierda,es,bete a la mjeɾda,go to hell
wa,es,wa,wa
cojonazos,es,koxonasos,cojonazos
valió madre,es,baljo madɾe,it was worth it
chorra,es,t͡ʃora,chorra
mamapinga,es,mamapinɡa,mamapinga
bolas,es,bolas,balls
mojon,es,moxon,mojon
mamagüevos,es,mamaɡwebos,mamagüevos
fundío,es,fundjo,melted
nabo,es,nabo,turnip
guarra,es,ɡwara,slut
chingado,es,t͡ʃinɡado,fuck
come mierda,es,kome mjeɾda,eats shit
tocar los cojones,es,tokaɾ los koxones,busting my balls
me cago en la virgen,es,me kaɡo en la biɾxen,holy shit
mamona,es,mamona,mamona
cabron,es,kabɾon,motherfucker
mamavergas,es,mamabeɾɡas,mamavergas
tonta,es,tonta,fool
cueco,es,kweko,cueco
jodido,es,xodido,fucking
conchatumadre,es,kont͡ʃatumadɾe,conchatumadre
se la metio,es,se la metjo,he put it in
le quedo una chimba,es,le kedo una t͡ʃimba,it was a chimba
gilipollas,es,xilipoʝas,asshole
pelos de los huevos,es,pelos de los uebos,egg hairs
mal bicho,es,mal bit͡ʃo,bad bug
metete un palo por el culo,es,metete un palo poɾ el kulo,shove a stick up your ass
me cago en la leche,es,me kaɡo en la let͡ʃe,FUCK MY FUCK!
verga dura,es,beɾɡa duɾa,hard cock
me importa un huevo,es,me impoɾta un uebo,I don't give a damn
huevada,es,uebada,huevada
cipote,es,sipote,cipote
chupame la polla,es,t͡ʃupame la poʝa,suck my dick
hijo de la chingada,es,ʝxo de la t͡ʃinɡada,son of a bitch
comecaca,es,komekaka,comecaca
besame el culo,es,besame el kulo,kiss my ass
zunga,es,sunɡa,zunga
estás puto,es,estas puto,you're fucking
hijo de mil putas,es,ʝxo de mil putas,son of a thousand whores
cara de pito,es,kaɾa de pito,dick face
bombero,es,bombeɾo,firefighter
chotaco,es,t͡ʃotako,chotaco
desviado,es,desbjado,deviated
cagaste y saltaste en la caca,es,kaɡaste i saltaste en la kaka,you pooped and jumped in the poop
tu madre es una puta,es,tu madɾe es una puta,your mother is a whore
métetelo por el culo,es,metetelo poɾ el kulo,shove it up your ass
rosquete,es,ɾoskete,rosquete
caracho,es,kaɾat͡ʃo,caracho
negrata,es,neɡɾata,negrata
me encanta tu culo,es,me enkanta tu kulo,I love your ass
garchar,es,ɡaɾt͡ʃaɾ,garchar
madrear,es,madɾeaɾ,madrear
tirate a un poso,es,tiɾate a un poso,jump into a well
una pendeja,es,una pendexa,an asshole
me cago,es,me kaɡo,I shit
de cojones,es,de koxones,fucking
puto,es,puto,fucking
pinga,es,pinɡa,pinga
trucha,es,tɾut͡ʃa,trout
calientapollas,es,kaljentapoʝas,cock warmer
jupa de pollo,es,xupa de poʝo,chicken jupa
mondá,es,monda,mondá
basura,es,basuɾa,garbage
fundillo,es,fundiʝo,sleeve
valió verga,es,baljo beɾɡa,worthless
cundango,es,kundanɡo,cundango
wey,es,wei,wey
gonorrea,es,ɡonorea,gonorrhea
pedazo,es,pedaso,piece
madrazo,es,madɾaso,madrazo
banana,es,banana,banana
porongo,es,poɾonɡo,porongo
me importa un cojón,es,me impoɾta un koxon,I don't give a damn
macha,es,mat͡ʃa,macha
no me jodas,es,no me xodas,don't fuck with me
manflor,es,manfloɾ,manflor
trabuco,es,tɾabuko,blunderbuss
por huevos,es,poɾ uebos,for eggs
comilón,es,komilon,glutton
zorra,es,sora,bitch
todo el jupa de poll,es,todo el xupa de poʝ,all the jupa de poll
triple-hijueputa,es,tɾiple-ʝxweputa,triple-hijueputa
tocarse los cojones,es,tokaɾse los koxones,busting a nut
poronga,es,poɾonɡa,poronga
cocoon,es,kokoon,cocoon
tocarse los huevos,es,tokaɾse los uebos,touching your balls
verga muy grande,es,beɾɡa mui ɡɾande,very large cock
raro,es,ɾaɾo,rare
chingón,es,t͡ʃinɡon,chingón
no joda,es,no xoda,no joda
follar,es,foʝaɾ,fuck
soplanucas,es,soplanukas,soplanucas
negrito,es,neɡɾito,negrito
puttus,es,puttus,puttus
verga,es,beɾɡa,cock
chingar,es,t͡ʃinɡaɾ,chingar
fran,es,fɾan,fran
gilipolla,es,xilipoʝa,asshole
caquita de la vaquita,es,kakita de la bakita,cow patty
me cago en ti,es,me kaɡo en ti,I shit on you
kieta el stupido elephante,es,kjeta el stupido elepante,kieta the stupid elephant
knave,es,knabe,knave
güey,es,ɡwei,güey
bete a la verga,es,bete a la beɾɡa,go to hell
orto,es,oɾto,ortho
payaso,es,pajaso,clown
cabro,es,kabɾo,goat
loco,es,loko,crazy
capullo,es,kapuʝo,cocoon
mariconzón,es,maɾikonson,faggot
mierda de toro,es,mjeɾda de toɾo,bull shit
chula,es,t͡ʃula,chula
echar madrazos,es,et͡ʃaɾ madɾasos,punching
tocarse las pelotas,es,tokaɾse las pelotas,busting a nut
tragasables,es,tɾaɡasables,swallowable
afeminado,es,afeminado,effeminate
mierda,es,mjeɾda,shit
loca,es,loka,madwoman
hijueputa,es,ʝxweputa,hijueputa
pinnus,es,pinnus,pinnus
tonto,es,tonto,fool
collons,es,koʝons,collons
buey,es,bwei,ox
culear,es,kuleaɾ,snoring
qué chingados es eso,es,ke t͡ʃinɡados es eso,what the fuck is that
puñal,es,puɲal,dagger
conchetumadre,es,kont͡ʃetumadɾe,conchetumadre
ahueonao,es,aweonao,ahueonao
garcha,es,ɡaɾt͡ʃa,garcha
pelotudo,es,pelotudo,asshole
miércoles,es,mjeɾkoles,Wednesday
le metio la verga,es,le metjo la beɾɡa,he stuck his dick in it
jode tu madre ayer noche,es,xode tu madɾe ajeɾ not͡ʃe,fuck your mother last night
cacorro,es,kakoro,cacorro
percanta,es,peɾkanta,percanta
ahuevoneado,es,aweboneado,dumbed down
chinga tu madre,es,t͡ʃinɡa tu madɾe,fuck your mother
perra,es,pera,bitch
chorizo,es,t͡ʃoɾiso,chorizo
palanca de cambios,es,palanka de kambjos,gearshift lever
caca,es,kaka,poop
culero,es,kuleɾo,asshole
joystick,es,xoistikk,joystick
pájaro,es,paxaɾo,bird
hueco,es,ueko,hollow
tu eres más feo que el culo de un mono,es,tu eɾes mas feo ke el kulo de un mono,You're uglier than a monkey's ass.
yo cago en la leche de tu puta madre,es,io kaɡo en la let͡ʃe de tu puta madɾe,I shit in the milk of your mother's whore milk
estás cabrón,es,estas kabɾon,you're a bastard
atontado,es,atontado,stunned
chingada,es,t͡ʃinɡada,chingada
chingona,es,t͡ʃinɡona,chingona
"uy, que care-chimba",es,"ui, ke kaɾe-t͡ʃimba","uy, what a care-chimba"
chulo,es,t͡ʃulo,pimp
bolson,es,bolson,bolson
chingada madre,es,t͡ʃinɡada madɾe,motherfucker
mamagüevo,es,mamaɡwebo,mamagüevo
tu madre es una puta fea,es,tu madɾe es una puta fea,your mother is an ugly whore
tragaleche,es,tɾaɡalet͡ʃe,tragaleche
vaina,es,baina,pod
gilipollez,es,xilipoʝes,bullshit
coger,es,koxeɾ,catch
chota,es,t͡ʃota,chota
muerdealmohadas,es,mweɾdealmoadas,pillowbiter
cara de mi huevo izquierdo,es,kaɾa de mi uebo iskjeɾdo,my left egg face
puttana,es,puttana,puttana
cockroach,es,kokkɾoat͡ʃ,cockroach
chivo,es,t͡ʃibo,goat
andate a la chucha,es,andate a la t͡ʃut͡ʃa,go to hell
culito,es,kulito,ass
tocar los huevos,es,tokaɾ los uebos,touching the eggs
"qué maricón de mierda, eh?",es,"ke maɾikon de mjeɾda, e?","what a fucking faggot, eh?"
poto,es,poto,poto
polla,es,poʝa,cock
bujarra,es,buxara,bujarra
bugarrón,es,buɡaron,bugarrón
bombilla de cuero,es,bombiʝa de kweɾo,leather bulb
maricueca,es,maɾikweka,maricueca
tu madre es muy gato y feo,es,tu madɾe es mui ɡato i feo,your mother is very cat-like and ugly
me cago en la hostia,es,me kaɡo en la ostja,FUCKING FUCKING HOSTAGE
soy la verga andando,es,soi la beɾɡa andando,I'm the walking dick
"mano, eres tremendamente maricón",es,"mano, eɾes tɾemendamente maɾikon","mano, you are a tremendous faggot"
puta barrata,es,puta barata,fucking barrata
el orto,es,el oɾto,the ortho
"chinga tu madre, cabrón",es,"t͡ʃinɡa tu madɾe, kabɾon","fuck your mother, motherfucker"
puta madre,es,puta madɾe,motherfucker
boludo,es,boludo,boludo
so',es,so',so
está muy pinche,es,esta mui pint͡ʃe,it is very pinchy
coño,es,koɲo,pussy
huevos,es,uebos,eggs
te voy a meter la verga,es,te boi a meteɾ la beɾɡa,I'm going to stick my dick in you
mira qué cabrón,es,miɾa ke kabɾon,look what a bastard
desgraciado,es,desɡɾasiado,wretched
colizón,es,kolison,colizon
marimacha,es,maɾimat͡ʃa,marimacha
carajito,es,kaɾaxito,carajito
bambaro,es,bambaɾo,bambaro
roscón,es,ɾoskon,roscón
mierda de toros,es,mjeɾda de toɾos,bull shit
cochón,es,kot͡ʃon,cochon
plumón,es,plumon,down
culiao,es,kuljao,culiao
manflora,es,manfloɾa,manflora
chichis,es,t͡ʃit͡ʃis,chichis
hueles a mierda,es,ueles a mjeɾda,you smell like shit
vete al carajo,es,bete al kaɾaxo,go to hell
raghead,es,ɾaɡead,raghead
camel jockey,es,kamel xokkei,camel jockey
chingon,es,t͡ʃinɡon,chingon
chotar,es,t͡ʃotaɾ,chotar
pendo,es,pendo,pendo
chocha,es,t͡ʃot͡ʃa,chocha
ahuevado,es,awebado,hollowed out
estúpido,es,estupido,stupid
bujarrón,es,buxaron,bujarron
pendejo,es,pendexo,asshole
bufarrón,es,bufaron,buffoon
me cago en tu puta madre,es,me kaɡo en tu puta madɾe,I fuck your motherfuckin' motherfucker
parchita,es,paɾt͡ʃita,parchita
culo,es,kulo,ass
bicho,es,bit͡ʃo,bug
yo soy cabrón,es,io soi kabɾon,I am a bastard
pinche güey,es,pint͡ʃe ɡwei,pinche güey
panocha,es,panot͡ʃa,panocha
maricón,es,maɾikon,fag
marica,es,maɾika,fag
perro,es,pero,dog
bombilla,es,bombiʝa,bulb
culo peludo,es,kulo peludo,hairy ass
que te jodan,es,ke te xodan,fuck you
chapero,es,t͡ʃapeɾo,hustler
huevon,es,uebon,huevon
madre,es,madɾe,mother
jack,es,xakk,jack
calójili,es,kaloxili,calójili
chingados,es,t͡ʃinɡados,fuckers
tu hermano no tiene la ingle,es,tu eɾmano no tjene la inɡle,your brother does not have a groin
me cago en dios,es,me kaɡo en djos,FUCK MY GOD
cojete mi suegra,es,koxete mi sweɡɾa,fuck my mother-in-law
tocar los pelotas,es,tokaɾ los pelotas,busting balls
burro,es,buro,donkey
albondigas,es,albondiɡas,meatballs
el ojete,es,el oxete,the eyelet
mayate,es,majate,mayate
pulla,es,puʝa,pulla
hijo de puta,es,ʝxo de puta,son of a bitch
bastardo,es,bastaɾdo,bastard
"vení, oleme la chucha",es,"beni, oleme la t͡ʃut͡ʃa","come on, smell my cock"
cuca,es,kuka,cuca
cagar,es,kaɡaɾ,shit
partido,es,paɾtido,party
chocho,es,t͡ʃot͡ʃo,pussy
mariposa,es,maɾiposa,butterfly
fleto,es,fleto,freight
fresa,es,fɾesa,strawberry
putus,es,putus,putus
pija,es,pixa,dick
rarito,es,ɾaɾito,rarito
imbécil,es,imbesil,imbecile
pelotas,es,pelotas,balls
chucha,es,t͡ʃut͡ʃa,chucha
cojones,es,koxones,cojones
homogay,es,omoɡai,homogay
que comemierderia,es,ke komemjeɾdeɾja,what a piece of shit
chucha de tu madre,es,t͡ʃut͡ʃa de tu madɾe,motherfucker
way,es,wai,way
chupamela,es,t͡ʃupamela,suck my dick
mamagüevazo,es,mamaɡwebaso,mamagüevazo
tienes ganas,es,tjenes ɡanas,you feel like
idiota,es,idjota,idiot
